code,text,module,submodule,top_level_group17
1005.0,Chills,SYMPTOM MODULE,GENERAL SYMPTOMS,Symptom – General
1010.0,Fever,SYMPTOM MODULE,GENERAL SYMPTOMS,Symptom – General
1012.0,Other symptoms of body temperature,SYMPTOM MODULE,GENERAL SYMPTOMS,Symptom – General
1012.1,Feeling cold,SYMPTOM MODULE,GENERAL SYMPTOMS,Symptom – General
1012.2,Feeling hot,SYMPTOM MODULE,GENERAL SYMPTOMS,Symptom – General
1012.3,Feeling hot and cold,SYMPTOM MODULE,GENERAL SYMPTOMS,Symptom – General
1015.0,"Tiredness, exhaustion",SYMPTOM MODULE,GENERAL SYMPTOMS,Symptom – General
1020.0,General weakness,SYMPTOM MODULE,GENERAL SYMPTOMS,Symptom – General
1025.0,General ill feeling,SYMPTOM MODULE,GENERAL SYMPTOMS,Symptom – General
1030.0,Fainting (syncope),SYMPTOM MODULE,GENERAL SYMPTOMS,Symptom – General
1035.0,Symptoms of fluid abnormalities,SYMPTOM MODULE,GENERAL SYMPTOMS,Symptom – General
1035.1,Edema,SYMPTOM MODULE,GENERAL SYMPTOMS,Symptom – General
1035.2,"Excessive sweating, perspiration",SYMPTOM MODULE,GENERAL SYMPTOMS,Symptom – General
1035.3,Excessive thirst,SYMPTOM MODULE,GENERAL SYMPTOMS,Symptom – General
1040.0,Weight gain,SYMPTOM MODULE,GENERAL SYMPTOMS,Symptom – General
1045.0,Weight loss,SYMPTOM MODULE,GENERAL SYMPTOMS,Symptom – General
1045.1,Recent weight loss,SYMPTOM MODULE,GENERAL SYMPTOMS,Symptom – General
1045.2,Underweight,SYMPTOM MODULE,GENERAL SYMPTOMS,Symptom – General
1046.0,"Symptoms of face, NEC",SYMPTOM MODULE,GENERAL SYMPTOMS,Symptom – General
1050.0,Chest pain and related symptoms (not referable to a specific body system),SYMPTOM MODULE,GENERAL SYMPTOMS,Symptom – General
1050.1,"Chest pain, Soreness",SYMPTOM MODULE,GENERAL SYMPTOMS,Symptom – General
1050.2,"Chest discomfort, pressure, tightness, heaviness",SYMPTOM MODULE,GENERAL SYMPTOMS,Symptom – General
1050.3,Burning sensation in the chest,SYMPTOM MODULE,GENERAL SYMPTOMS,Symptom – General
1055.0,"Pain, specified site not referable to a specific body system",SYMPTOM MODULE,GENERAL SYMPTOMS,Symptom – General
1055.1,Rib pain,SYMPTOM MODULE,GENERAL SYMPTOMS,Symptom – General
1055.2,"Side pain, flank pain",SYMPTOM MODULE,GENERAL SYMPTOMS,Symptom – General
1055.3,Groin pain,SYMPTOM MODULE,GENERAL SYMPTOMS,Symptom – General
1055.4,Facial pain,SYMPTOM MODULE,GENERAL SYMPTOMS,Symptom – General
1060.0,"Pain and related symptoms, NEC",SYMPTOM MODULE,GENERAL SYMPTOMS,Symptom – General
1060.1,"Pain, unspecified",SYMPTOM MODULE,GENERAL SYMPTOMS,Symptom – General
1060.2,"Cramps, spasms, site unspecified",SYMPTOM MODULE,GENERAL SYMPTOMS,Symptom – General
1060.3,"Stiffness, site unspecified",SYMPTOM MODULE,GENERAL SYMPTOMS,Symptom – General
1065.0,"Tumor or mass, site unspecified",SYMPTOM MODULE,GENERAL SYMPTOMS,Symptom – General
1065.1,"Internal mass, NOS",SYMPTOM MODULE,GENERAL SYMPTOMS,Symptom – General
1066.0,"Lesion, internal NOS (excludes brain and skin)",SYMPTOM MODULE,GENERAL SYMPTOMS,Symptom – General
1070.0,"Bleeding, multiple or unspecified sites",SYMPTOM MODULE,GENERAL SYMPTOMS,Symptom – General
1075.0,Symptoms of growth and developmental disorders,SYMPTOM MODULE,GENERAL SYMPTOMS,Symptom – General
1075.1,Lack of growth,SYMPTOM MODULE,GENERAL SYMPTOMS,Symptom – General
1075.2,Excessive growth,SYMPTOM MODULE,GENERAL SYMPTOMS,Symptom – General
1080.0,"General symptoms of infants (under 1 year of age), NEC",SYMPTOM MODULE,GENERAL SYMPTOMS,Symptom – General
1080.1,"Cranky, crying too much, fussy, fidgety, irritable",SYMPTOM MODULE,GENERAL SYMPTOMS,Symptom – General
1080.2,"Regurgitation, spitting up",SYMPTOM MODULE,GENERAL SYMPTOMS,Symptom – General
1080.3,"Feeding problem, eating difficulty",SYMPTOM MODULE,GENERAL SYMPTOMS,Symptom – General
1085.0,"General or unspecified nonviral infection - Code also symptoms of specified joint (hip, shoulder,",SYMPTOM MODULE,GENERAL SYMPTOMS,Symptom – General
1090.0,"Allergy, NOS",SYMPTOM MODULE,GENERAL SYMPTOMS,Symptom – General
1095.0,Disorders of motor functions,SYMPTOM MODULE,GENERAL SYMPTOMS,Symptom – General
1096.0,"Dyslexia, NOS",SYMPTOM MODULE,GENERAL SYMPTOMS,Symptom – General
1100.0,Anxiety and nervousness,SYMPTOM MODULE,SYMPTOMS REFERABLE TO PSYCHOLOGICAL AND MENTAL DISORDERS,Symptom – Psychological
1105.0,Fears and phobias,SYMPTOM MODULE,SYMPTOMS REFERABLE TO PSYCHOLOGICAL AND MENTAL DISORDERS,Symptom – Psychological
1110.0,Depression,SYMPTOM MODULE,SYMPTOMS REFERABLE TO PSYCHOLOGICAL AND MENTAL DISORDERS,Symptom – Psychological
1115.0,Anger,SYMPTOM MODULE,SYMPTOMS REFERABLE TO PSYCHOLOGICAL AND MENTAL DISORDERS,Symptom – Psychological
1120.0,Problems with identity and self-esteem,SYMPTOM MODULE,SYMPTOMS REFERABLE TO PSYCHOLOGICAL AND MENTAL DISORDERS,Symptom – Psychological
1123.0,Transgender,SYMPTOM MODULE,SYMPTOMS REFERABLE TO PSYCHOLOGICAL AND MENTAL DISORDERS,Symptom – Psychological
1125.0,Restlessness,SYMPTOM MODULE,SYMPTOMS REFERABLE TO PSYCHOLOGICAL AND MENTAL DISORDERS,Symptom – Psychological
1130.0,Behavioral disturbances,SYMPTOM MODULE,SYMPTOMS REFERABLE TO PSYCHOLOGICAL AND MENTAL DISORDERS,Symptom – Psychological
1130.1,Antisocial behavior,SYMPTOM MODULE,SYMPTOMS REFERABLE TO PSYCHOLOGICAL AND MENTAL DISORDERS,Symptom – Psychological
1130.2,Hostile behavior,SYMPTOM MODULE,SYMPTOMS REFERABLE TO PSYCHOLOGICAL AND MENTAL DISORDERS,Symptom – Psychological
1130.3,Hysterical behavior,SYMPTOM MODULE,SYMPTOMS REFERABLE TO PSYCHOLOGICAL AND MENTAL DISORDERS,Symptom – Psychological
1130.4,Temper problems,SYMPTOM MODULE,SYMPTOMS REFERABLE TO PSYCHOLOGICAL AND MENTAL DISORDERS,Symptom – Psychological
1130.5,"Obsessions, compulsion and impulsive",SYMPTOM MODULE,SYMPTOMS REFERABLE TO PSYCHOLOGICAL AND MENTAL DISORDERS,Symptom – Psychological
1135.0,Disturbances of sleep,SYMPTOM MODULE,SYMPTOMS REFERABLE TO PSYCHOLOGICAL AND MENTAL DISORDERS,Symptom – Psychological
1135.1,Insomnia,SYMPTOM MODULE,SYMPTOMS REFERABLE TO PSYCHOLOGICAL AND MENTAL DISORDERS,Symptom – Psychological
1135.2,Sleepiness (hypersomnia),SYMPTOM MODULE,SYMPTOMS REFERABLE TO PSYCHOLOGICAL AND MENTAL DISORDERS,Symptom – Psychological
1135.3,Nightmares,SYMPTOM MODULE,SYMPTOMS REFERABLE TO PSYCHOLOGICAL AND MENTAL DISORDERS,Symptom – Psychological
1135.4,Sleepwalking,SYMPTOM MODULE,SYMPTOMS REFERABLE TO PSYCHOLOGICAL AND MENTAL DISORDERS,Symptom – Psychological
1135.5,Apnea,SYMPTOM MODULE,SYMPTOMS REFERABLE TO PSYCHOLOGICAL AND MENTAL DISORDERS,Symptom – Psychological
1140.0,Smoking problems,SYMPTOM MODULE,SYMPTOMS REFERABLE TO PSYCHOLOGICAL AND MENTAL DISORDERS,Symptom – Psychological
1145.0,Alcohol-related problems,SYMPTOM MODULE,SYMPTOMS REFERABLE TO PSYCHOLOGICAL AND MENTAL DISORDERS,Symptom – Psychological
1150.0,Abnormal drug usage,SYMPTOM MODULE,SYMPTOMS REFERABLE TO PSYCHOLOGICAL AND MENTAL DISORDERS,Symptom – Psychological
1150.1,"Substance abuse, no additional details",SYMPTOM MODULE,SYMPTOMS REFERABLE TO PSYCHOLOGICAL AND MENTAL DISORDERS,Symptom – Psychological
1155.0,Delusions or hallucinations,SYMPTOM MODULE,SYMPTOMS REFERABLE TO PSYCHOLOGICAL AND MENTAL DISORDERS,Symptom – Psychological
1160.0,Psychosexual disorders,SYMPTOM MODULE,SYMPTOMS REFERABLE TO PSYCHOLOGICAL AND MENTAL DISORDERS,Symptom – Psychological
1160.1,"Frigidity, loss of sex drive, lack of response, lack of libido",SYMPTOM MODULE,SYMPTOMS REFERABLE TO PSYCHOLOGICAL AND MENTAL DISORDERS,Symptom – Psychological
1160.2,"Homosexuality, concerns with",SYMPTOM MODULE,SYMPTOMS REFERABLE TO PSYCHOLOGICAL AND MENTAL DISORDERS,Symptom – Psychological
1160.3,"Impotence, Erectile dysfunction",SYMPTOM MODULE,SYMPTOMS REFERABLE TO PSYCHOLOGICAL AND MENTAL DISORDERS,Symptom – Psychological
1160.4,Premature ejaculation,SYMPTOM MODULE,SYMPTOMS REFERABLE TO PSYCHOLOGICAL AND MENTAL DISORDERS,Symptom – Psychological
1160.5,"Masturbation excessive, concerns about",SYMPTOM MODULE,SYMPTOMS REFERABLE TO PSYCHOLOGICAL AND MENTAL DISORDERS,Symptom – Psychological
1160.6,"Orgasm, problem with",SYMPTOM MODULE,SYMPTOMS REFERABLE TO PSYCHOLOGICAL AND MENTAL DISORDERS,Symptom – Psychological
1160.7,Preoccupation with sex,SYMPTOM MODULE,SYMPTOMS REFERABLE TO PSYCHOLOGICAL AND MENTAL DISORDERS,Symptom – Psychological
1165.0,"Other symptoms or problems relating to psychological and mental disorders, NEC",SYMPTOM MODULE,SYMPTOMS REFERABLE TO PSYCHOLOGICAL AND MENTAL DISORDERS,Symptom – Psychological
1165.1,Nail biting,SYMPTOM MODULE,SYMPTOMS REFERABLE TO PSYCHOLOGICAL AND MENTAL DISORDERS,Symptom – Psychological
1165.2,Thumb sucking,SYMPTOM MODULE,SYMPTOMS REFERABLE TO PSYCHOLOGICAL AND MENTAL DISORDERS,Symptom – Psychological
1200.0,Abnormal involuntary movements,SYMPTOM MODULE,SYMPTOMS REFERABLE TO THE NERVOUS SYSTEM (EXCLUDING SENSE ORGANS),Symptom – Nervous
1205.0,Convulsions,SYMPTOM MODULE,SYMPTOMS REFERABLE TO THE NERVOUS SYSTEM (EXCLUDING SENSE ORGANS),Symptom – Nervous
1207.0,"Symptoms of head, NEC",SYMPTOM MODULE,SYMPTOMS REFERABLE TO THE NERVOUS SYSTEM (EXCLUDING SENSE ORGANS),Symptom – Nervous
1210.0,"Headache, pain in head",SYMPTOM MODULE,SYMPTOMS REFERABLE TO THE NERVOUS SYSTEM (EXCLUDING SENSE ORGANS),Symptom – Nervous
1210.1,Tension headache,SYMPTOM MODULE,SYMPTOMS REFERABLE TO THE NERVOUS SYSTEM (EXCLUDING SENSE ORGANS),Symptom – Nervous
1215.0,"Memory, disturbances of",SYMPTOM MODULE,SYMPTOMS REFERABLE TO THE NERVOUS SYSTEM (EXCLUDING SENSE ORGANS),Symptom – Nervous
1220.0,Disturbances of sensation,SYMPTOM MODULE,SYMPTOMS REFERABLE TO THE NERVOUS SYSTEM (EXCLUDING SENSE ORGANS),Symptom – Nervous
1220.1,Loss of feeling (anesthesia),SYMPTOM MODULE,SYMPTOMS REFERABLE TO THE NERVOUS SYSTEM (EXCLUDING SENSE ORGANS),Symptom – Nervous
1220.2,Increased sensation (hyperesthesia),SYMPTOM MODULE,SYMPTOMS REFERABLE TO THE NERVOUS SYSTEM (EXCLUDING SENSE ORGANS),Symptom – Nervous
1220.3,Abnormal sensation (paresthesia),SYMPTOM MODULE,SYMPTOMS REFERABLE TO THE NERVOUS SYSTEM (EXCLUDING SENSE ORGANS),Symptom – Nervous
1220.4,"Other disturbances of sense, including smell and taste",SYMPTOM MODULE,SYMPTOMS REFERABLE TO THE NERVOUS SYSTEM (EXCLUDING SENSE ORGANS),Symptom – Nervous
1225.0,Vertigo - dizziness,SYMPTOM MODULE,SYMPTOMS REFERABLE TO THE NERVOUS SYSTEM (EXCLUDING SENSE ORGANS),Symptom – Nervous
1230.0,Weakness (neurological),SYMPTOM MODULE,SYMPTOMS REFERABLE TO THE NERVOUS SYSTEM (EXCLUDING SENSE ORGANS),Symptom – Nervous
1235.0,"Disorders of speech, speech disturbance",SYMPTOM MODULE,SYMPTOMS REFERABLE TO THE NERVOUS SYSTEM (EXCLUDING SENSE ORGANS),Symptom – Nervous
1235.1,"Stuttering, stammering",SYMPTOM MODULE,SYMPTOMS REFERABLE TO THE NERVOUS SYSTEM (EXCLUDING SENSE ORGANS),Symptom – Nervous
1235.2,Slurring,SYMPTOM MODULE,SYMPTOMS REFERABLE TO THE NERVOUS SYSTEM (EXCLUDING SENSE ORGANS),Symptom – Nervous
1240.0,Other symptoms referable to the nervous system,SYMPTOM MODULE,SYMPTOMS REFERABLE TO THE NERVOUS SYSTEM (EXCLUDING SENSE ORGANS),Symptom – Nervous
1240.1,Apraxia,SYMPTOM MODULE,SYMPTOMS REFERABLE TO THE NERVOUS SYSTEM (EXCLUDING SENSE ORGANS),Symptom – Nervous
1260.0,Abnormal pulsations and palpitations,SYMPTOM MODULE,SYMPTOMS REFERABLE TO THE CARDIOVASCULAR AND LYMPHATIC SYSTEMS,Symptom – Circulatory
1260.1,Increased heartbeat,SYMPTOM MODULE,SYMPTOMS REFERABLE TO THE CARDIOVASCULAR AND LYMPHATIC SYSTEMS,Symptom – Circulatory
1260.2,Decreased heartbeat,SYMPTOM MODULE,SYMPTOMS REFERABLE TO THE CARDIOVASCULAR AND LYMPHATIC SYSTEMS,Symptom – Circulatory
1260.3,Irregular heartbeat,SYMPTOM MODULE,SYMPTOMS REFERABLE TO THE CARDIOVASCULAR AND LYMPHATIC SYSTEMS,Symptom – Circulatory
1265.0,Heart pain,SYMPTOM MODULE,SYMPTOMS REFERABLE TO THE CARDIOVASCULAR AND LYMPHATIC SYSTEMS,Symptom – Circulatory
1270.0,Other symptoms of the heart,SYMPTOM MODULE,SYMPTOMS REFERABLE TO THE CARDIOVASCULAR AND LYMPHATIC SYSTEMS,Symptom – Circulatory
1275.0,Symptoms of lymph glands (or nodes),SYMPTOM MODULE,SYMPTOMS REFERABLE TO THE CARDIOVASCULAR AND LYMPHATIC SYSTEMS,Symptom – Circulatory
1275.1,Swollen or enlarged glands,SYMPTOM MODULE,SYMPTOMS REFERABLE TO THE CARDIOVASCULAR AND LYMPHATIC SYSTEMS,Symptom – Circulatory
1275.2,Sore glands,SYMPTOM MODULE,SYMPTOMS REFERABLE TO THE CARDIOVASCULAR AND LYMPHATIC SYSTEMS,Symptom – Circulatory
1280.0,"Other symptoms referable to the cardiovascular/lymphatic system, NEC (Blocked blood vessel,",SYMPTOM MODULE,SYMPTOMS REFERABLE TO THE CARDIOVASCULAR AND LYMPHATIC SYSTEMS,Symptom – Circulatory
1280.1,Poor circulation,SYMPTOM MODULE,SYMPTOMS REFERABLE TO THE CARDIOVASCULAR AND LYMPHATIC SYSTEMS,Symptom – Circulatory
1280.2,"Pallor, paleness",SYMPTOM MODULE,SYMPTOMS REFERABLE TO THE CARDIOVASCULAR AND LYMPHATIC SYSTEMS,Symptom – Circulatory
1280.3,"Flushed, blushing",SYMPTOM MODULE,SYMPTOMS REFERABLE TO THE CARDIOVASCULAR AND LYMPHATIC SYSTEMS,Symptom – Circulatory
1305.0,Vision dysfunctions,SYMPTOM MODULE,SYMPTOMS REFERABLE TO THE EYES AND EARS,Symptom – Eye/Ear
1305.1,Blindness and half vision,SYMPTOM MODULE,SYMPTOMS REFERABLE TO THE EYES AND EARS,Symptom – Eye/Ear
1305.2,Diminished vision,SYMPTOM MODULE,SYMPTOMS REFERABLE TO THE EYES AND EARS,Symptom – Eye/Ear
1305.3,Extraneous vision,SYMPTOM MODULE,SYMPTOMS REFERABLE TO THE EYES AND EARS,Symptom – Eye/Ear
1305.4,Double vision (diplopia),SYMPTOM MODULE,SYMPTOMS REFERABLE TO THE EYES AND EARS,Symptom – Eye/Ear
1310.0,Discharge from eye,SYMPTOM MODULE,SYMPTOMS REFERABLE TO THE EYES AND EARS,Symptom – Eye/Ear
1310.1,Bleeding,SYMPTOM MODULE,SYMPTOMS REFERABLE TO THE EYES AND EARS,Symptom – Eye/Ear
1310.2,"Tearing, watering (lacrimation)",SYMPTOM MODULE,SYMPTOMS REFERABLE TO THE EYES AND EARS,Symptom – Eye/Ear
1310.3,"Pus, matter, white discharge, matted",SYMPTOM MODULE,SYMPTOMS REFERABLE TO THE EYES AND EARS,Symptom – Eye/Ear
1315.0,Eye infection and inflammation,SYMPTOM MODULE,SYMPTOMS REFERABLE TO THE EYES AND EARS,Symptom – Eye/Ear
1315.1,Pinkeye,SYMPTOM MODULE,SYMPTOMS REFERABLE TO THE EYES AND EARS,Symptom – Eye/Ear
1320.1,Pain,SYMPTOM MODULE,SYMPTOMS REFERABLE TO THE EYES AND EARS,Symptom – Eye/Ear
1320.2,Itching,SYMPTOM MODULE,SYMPTOMS REFERABLE TO THE EYES AND EARS,Symptom – Eye/Ear
1320.3,"Burning, stinging",SYMPTOM MODULE,SYMPTOMS REFERABLE TO THE EYES AND EARS,Symptom – Eye/Ear
1320.4,Strain,SYMPTOM MODULE,SYMPTOMS REFERABLE TO THE EYES AND EARS,Symptom – Eye/Ear
1325.0,Abnormal eye movements,SYMPTOM MODULE,SYMPTOMS REFERABLE TO THE EYES AND EARS,Symptom – Eye/Ear
1325.1,Abnormal retraction,SYMPTOM MODULE,SYMPTOMS REFERABLE TO THE EYES AND EARS,Symptom – Eye/Ear
1325.2,Cross-eyed,SYMPTOM MODULE,SYMPTOMS REFERABLE TO THE EYES AND EARS,Symptom – Eye/Ear
1325.3,Pupils unequal,SYMPTOM MODULE,SYMPTOMS REFERABLE TO THE EYES AND EARS,Symptom – Eye/Ear
1325.4,Deviation,SYMPTOM MODULE,SYMPTOMS REFERABLE TO THE EYES AND EARS,Symptom – Eye/Ear
1330.0,Abnormal appearance of eyes,SYMPTOM MODULE,SYMPTOMS REFERABLE TO THE EYES AND EARS,Symptom – Eye/Ear
1330.1,Abnormal color,SYMPTOM MODULE,SYMPTOMS REFERABLE TO THE EYES AND EARS,Symptom – Eye/Ear
1330.2,Protrusion (exophthalmos),SYMPTOM MODULE,SYMPTOMS REFERABLE TO THE EYES AND EARS,Symptom – Eye/Ear
1330.3,"Cloudy, dull, hazy appearance , cloudy capsule",SYMPTOM MODULE,SYMPTOMS REFERABLE TO THE EYES AND EARS,Symptom – Eye/Ear
1335.0,"Other and unspecified symptoms referable to the eye, NEC",SYMPTOM MODULE,SYMPTOMS REFERABLE TO THE EYES AND EARS,Symptom – Eye/Ear
1335.1,Contact lens problems,SYMPTOM MODULE,SYMPTOMS REFERABLE TO THE EYES AND EARS,Symptom – Eye/Ear
1335.2,Allergy,SYMPTOM MODULE,SYMPTOMS REFERABLE TO THE EYES AND EARS,Symptom – Eye/Ear
1335.3,Swelling,SYMPTOM MODULE,SYMPTOMS REFERABLE TO THE EYES AND EARS,Symptom – Eye/Ear
1340.0,Symptoms of eyelids,SYMPTOM MODULE,SYMPTOMS REFERABLE TO THE EYES AND EARS,Symptom – Eye/Ear
1340.1,"Infection, inflammation, swelling",SYMPTOM MODULE,SYMPTOMS REFERABLE TO THE EYES AND EARS,Symptom – Eye/Ear
1340.2,Itching,SYMPTOM MODULE,SYMPTOMS REFERABLE TO THE EYES AND EARS,Symptom – Eye/Ear
1340.3,Mass or growth,SYMPTOM MODULE,SYMPTOMS REFERABLE TO THE EYES AND EARS,Symptom – Eye/Ear
1340.4,Abnormal movement,SYMPTOM MODULE,SYMPTOMS REFERABLE TO THE EYES AND EARS,Symptom – Eye/Ear
1345.0,Hearing dysfunctions,SYMPTOM MODULE,SYMPTOMS REFERABLE TO THE EYES AND EARS,Symptom – Eye/Ear
1345.1,Diminished hearing,SYMPTOM MODULE,SYMPTOMS REFERABLE TO THE EYES AND EARS,Symptom – Eye/Ear
1345.2,Heightened or acute hearing,SYMPTOM MODULE,SYMPTOMS REFERABLE TO THE EYES AND EARS,Symptom – Eye/Ear
1345.3,Extraneous hearing,SYMPTOM MODULE,SYMPTOMS REFERABLE TO THE EYES AND EARS,Symptom – Eye/Ear
1350.0,Discharge from ear,SYMPTOM MODULE,SYMPTOMS REFERABLE TO THE EYES AND EARS,Symptom – Eye/Ear
1350.1,Bleeding,SYMPTOM MODULE,SYMPTOMS REFERABLE TO THE EYES AND EARS,Symptom – Eye/Ear
1350.2,"Pus (purulent drainage), Otorrhea",SYMPTOM MODULE,SYMPTOMS REFERABLE TO THE EYES AND EARS,Symptom – Eye/Ear
1350.3,Swimmer's ear,SYMPTOM MODULE,SYMPTOMS REFERABLE TO THE EYES AND EARS,Symptom – Eye/Ear
1355.0,"Earache, or ear infection",SYMPTOM MODULE,SYMPTOMS REFERABLE TO THE EYES AND EARS,Symptom – Eye/Ear
1355.1,"Earache, pain",SYMPTOM MODULE,SYMPTOMS REFERABLE TO THE EYES AND EARS,Symptom – Eye/Ear
1355.2,Ear infection,SYMPTOM MODULE,SYMPTOMS REFERABLE TO THE EYES AND EARS,Symptom – Eye/Ear
1360.0,Plugged feeling in ear,SYMPTOM MODULE,SYMPTOMS REFERABLE TO THE EYES AND EARS,Symptom – Eye/Ear
1365.0,"Other and unspecified symptoms referable to the ears, NEC",SYMPTOM MODULE,SYMPTOMS REFERABLE TO THE EYES AND EARS,Symptom – Eye/Ear
1365.1,Itching,SYMPTOM MODULE,SYMPTOMS REFERABLE TO THE EYES AND EARS,Symptom – Eye/Ear
1365.2,Growths or mass,SYMPTOM MODULE,SYMPTOMS REFERABLE TO THE EYES AND EARS,Symptom – Eye/Ear
1365.3,"Pulling at ears, picking at ears",SYMPTOM MODULE,SYMPTOMS REFERABLE TO THE EYES AND EARS,Symptom – Eye/Ear
1365.4,"Abnormal size or shape, ""ears stick out""",SYMPTOM MODULE,SYMPTOMS REFERABLE TO THE EYES AND EARS,Symptom – Eye/Ear
1400.0,Nasal congestion,SYMPTOM MODULE,SYMPTOMS REFERABLE TO THE RESPIRATORY SYSTEM,Symptom – Respiratory
1405.0,Other symptoms of nose,SYMPTOM MODULE,SYMPTOMS REFERABLE TO THE RESPIRATORY SYSTEM,Symptom – Respiratory
1405.1,Nosebleed (epistaxis),SYMPTOM MODULE,SYMPTOMS REFERABLE TO THE RESPIRATORY SYSTEM,Symptom – Respiratory
1405.2,Sore in nose,SYMPTOM MODULE,SYMPTOMS REFERABLE TO THE RESPIRATORY SYSTEM,Symptom – Respiratory
1405.3,Inflammation and swelling,SYMPTOM MODULE,SYMPTOMS REFERABLE TO THE RESPIRATORY SYSTEM,Symptom – Respiratory
1405.4,Problem with appearance of nose,SYMPTOM MODULE,SYMPTOMS REFERABLE TO THE RESPIRATORY SYSTEM,Symptom – Respiratory
1410.0,Sinus problems,SYMPTOM MODULE,SYMPTOMS REFERABLE TO THE RESPIRATORY SYSTEM,Symptom – Respiratory
1410.1,Pain and pressure,SYMPTOM MODULE,SYMPTOMS REFERABLE TO THE RESPIRATORY SYSTEM,Symptom – Respiratory
1410.2,"Sinus inflammation, infection",SYMPTOM MODULE,SYMPTOMS REFERABLE TO THE RESPIRATORY SYSTEM,Symptom – Respiratory
1410.3,Sinus congestion,SYMPTOM MODULE,SYMPTOMS REFERABLE TO THE RESPIRATORY SYSTEM,Symptom – Respiratory
1415.0,Shortness of breath,SYMPTOM MODULE,SYMPTOMS REFERABLE TO THE RESPIRATORY SYSTEM,Symptom – Respiratory
1420.0,Labored or difficult breathing (dyspnea),SYMPTOM MODULE,SYMPTOMS REFERABLE TO THE RESPIRATORY SYSTEM,Symptom – Respiratory
1425.0,Wheezing,SYMPTOM MODULE,SYMPTOMS REFERABLE TO THE RESPIRATORY SYSTEM,Symptom – Respiratory
1430.0,"Breathing problems, NEC",SYMPTOM MODULE,SYMPTOMS REFERABLE TO THE RESPIRATORY SYSTEM,Symptom – Respiratory
1430.1,"Disorders of respiratory sound, NEC",SYMPTOM MODULE,SYMPTOMS REFERABLE TO THE RESPIRATORY SYSTEM,Symptom – Respiratory
1430.2,Rapid breathing (hyperventilation),SYMPTOM MODULE,SYMPTOMS REFERABLE TO THE RESPIRATORY SYSTEM,Symptom – Respiratory
1435.0,Sneezing,SYMPTOM MODULE,SYMPTOMS REFERABLE TO THE RESPIRATORY SYSTEM,Symptom – Respiratory
1440.0,Cough,SYMPTOM MODULE,SYMPTOMS REFERABLE TO THE RESPIRATORY SYSTEM,Symptom – Respiratory
1445.0,"Head cold, upper respiratory infection (coryza)",SYMPTOM MODULE,SYMPTOMS REFERABLE TO THE RESPIRATORY SYSTEM,Symptom – Respiratory
1450.0,General viral infection,SYMPTOM MODULE,SYMPTOMS REFERABLE TO THE RESPIRATORY SYSTEM,Symptom – Respiratory
1450.1,Flu,SYMPTOM MODULE,SYMPTOMS REFERABLE TO THE RESPIRATORY SYSTEM,Symptom – Respiratory
1455.0,"Symptoms referable to throat, raw throat",SYMPTOM MODULE,SYMPTOMS REFERABLE TO THE RESPIRATORY SYSTEM,Symptom – Respiratory
1455.1,Soreness,SYMPTOM MODULE,SYMPTOMS REFERABLE TO THE RESPIRATORY SYSTEM,Symptom – Respiratory
1455.2,"Pain (burning, throat on fire)",SYMPTOM MODULE,SYMPTOMS REFERABLE TO THE RESPIRATORY SYSTEM,Symptom – Respiratory
1455.3,Infection,SYMPTOM MODULE,SYMPTOMS REFERABLE TO THE RESPIRATORY SYSTEM,Symptom – Respiratory
1455.4,"Irritation, scratch, tickle, itch",SYMPTOM MODULE,SYMPTOMS REFERABLE TO THE RESPIRATORY SYSTEM,Symptom – Respiratory
1455.5,Swelling,SYMPTOM MODULE,SYMPTOMS REFERABLE TO THE RESPIRATORY SYSTEM,Symptom – Respiratory
1455.6,Lump or mass,SYMPTOM MODULE,SYMPTOMS REFERABLE TO THE RESPIRATORY SYSTEM,Symptom – Respiratory
1460.0,Symptoms referable to tonsils,SYMPTOM MODULE,SYMPTOMS REFERABLE TO THE RESPIRATORY SYSTEM,Symptom – Respiratory
1470.0,Abnormalities of sputum or phlegm,SYMPTOM MODULE,SYMPTOMS REFERABLE TO THE RESPIRATORY SYSTEM,Symptom – Respiratory
1470.1,Coughing up blood,SYMPTOM MODULE,SYMPTOMS REFERABLE TO THE RESPIRATORY SYSTEM,Symptom – Respiratory
1470.2,Pus in sputum,SYMPTOM MODULE,SYMPTOMS REFERABLE TO THE RESPIRATORY SYSTEM,Symptom – Respiratory
1470.3,Excessive sputum,SYMPTOM MODULE,SYMPTOMS REFERABLE TO THE RESPIRATORY SYSTEM,Symptom – Respiratory
1475.0,Congestion in chest,SYMPTOM MODULE,SYMPTOMS REFERABLE TO THE RESPIRATORY SYSTEM,Symptom – Respiratory
1480.0,Disorders of voice,SYMPTOM MODULE,SYMPTOMS REFERABLE TO THE RESPIRATORY SYSTEM,Symptom – Respiratory
1480.1,"Hoarseness, loss of voice",SYMPTOM MODULE,SYMPTOMS REFERABLE TO THE RESPIRATORY SYSTEM,Symptom – Respiratory
1480.2,Hypernasality,SYMPTOM MODULE,SYMPTOMS REFERABLE TO THE RESPIRATORY SYSTEM,Symptom – Respiratory
1485.0,"Other symptoms referable to the respiratory system, NEC",SYMPTOM MODULE,SYMPTOMS REFERABLE TO THE RESPIRATORY SYSTEM,Symptom – Respiratory
1485.1,Lung pain,SYMPTOM MODULE,SYMPTOMS REFERABLE TO THE RESPIRATORY SYSTEM,Symptom – Respiratory
1485.2,Lung infection,SYMPTOM MODULE,SYMPTOMS REFERABLE TO THE RESPIRATORY SYSTEM,Symptom – Respiratory
1500.0,Symptoms of teeth and gums,SYMPTOM MODULE,SYMPTOMS REFERABLE TO THE DIGESTIVE SYSTEM,Symptom – Digestive
1500.1,Toothache,SYMPTOM MODULE,SYMPTOMS REFERABLE TO THE DIGESTIVE SYSTEM,Symptom – Digestive
1500.2,Gum pain,SYMPTOM MODULE,SYMPTOMS REFERABLE TO THE DIGESTIVE SYSTEM,Symptom – Digestive
1500.3,Bleeding gums,SYMPTOM MODULE,SYMPTOMS REFERABLE TO THE DIGESTIVE SYSTEM,Symptom – Digestive
1501.0,"Symptoms of the jaw, NOS",SYMPTOM MODULE,SYMPTOMS REFERABLE TO THE DIGESTIVE SYSTEM,Symptom – Digestive
1501.1,Swelling,SYMPTOM MODULE,SYMPTOMS REFERABLE TO THE DIGESTIVE SYSTEM,Symptom – Digestive
1501.2,Lump or mass,SYMPTOM MODULE,SYMPTOMS REFERABLE TO THE DIGESTIVE SYSTEM,Symptom – Digestive
1505.0,Symptoms referable to lips,SYMPTOM MODULE,SYMPTOMS REFERABLE TO THE DIGESTIVE SYSTEM,Symptom – Digestive
1505.1,"Cracked, bleeding, dry, chapped",SYMPTOM MODULE,SYMPTOMS REFERABLE TO THE DIGESTIVE SYSTEM,Symptom – Digestive
1505.2,Abnormal color,SYMPTOM MODULE,SYMPTOMS REFERABLE TO THE DIGESTIVE SYSTEM,Symptom – Digestive
1505.3,Cold sore,SYMPTOM MODULE,SYMPTOMS REFERABLE TO THE DIGESTIVE SYSTEM,Symptom – Digestive
1510.0,Symptoms referable to mouth,SYMPTOM MODULE,SYMPTOMS REFERABLE TO THE DIGESTIVE SYSTEM,Symptom – Digestive
1510.1,"Pain, burning, soreness",SYMPTOM MODULE,SYMPTOMS REFERABLE TO THE DIGESTIVE SYSTEM,Symptom – Digestive
1510.2,Bleeding,SYMPTOM MODULE,SYMPTOMS REFERABLE TO THE DIGESTIVE SYSTEM,Symptom – Digestive
1510.3,Dryness,SYMPTOM MODULE,SYMPTOMS REFERABLE TO THE DIGESTIVE SYSTEM,Symptom – Digestive
1510.4,"Ulcer, sore",SYMPTOM MODULE,SYMPTOMS REFERABLE TO THE DIGESTIVE SYSTEM,Symptom – Digestive
1515.0,Symptoms referable to tongue,SYMPTOM MODULE,SYMPTOMS REFERABLE TO THE DIGESTIVE SYSTEM,Symptom – Digestive
1515.1,Pain,SYMPTOM MODULE,SYMPTOMS REFERABLE TO THE DIGESTIVE SYSTEM,Symptom – Digestive
1515.2,Bleeding,SYMPTOM MODULE,SYMPTOMS REFERABLE TO THE DIGESTIVE SYSTEM,Symptom – Digestive
1515.3,"Inflammation, infection, swelling",SYMPTOM MODULE,SYMPTOMS REFERABLE TO THE DIGESTIVE SYSTEM,Symptom – Digestive
1515.4,"Abnormal appearance, color, ridges, coated",SYMPTOM MODULE,SYMPTOMS REFERABLE TO THE DIGESTIVE SYSTEM,Symptom – Digestive
1520.0,Difficulty in swallowing (dysphagia),SYMPTOM MODULE,SYMPTOMS REFERABLE TO THE DIGESTIVE SYSTEM,Symptom – Digestive
1525.0,Nausea,SYMPTOM MODULE,SYMPTOMS REFERABLE TO THE DIGESTIVE SYSTEM,Symptom – Digestive
1530.0,Vomiting,SYMPTOM MODULE,SYMPTOMS REFERABLE TO THE DIGESTIVE SYSTEM,Symptom – Digestive
1535.0,Heartburn and indigestion (dyspepsia),SYMPTOM MODULE,SYMPTOMS REFERABLE TO THE DIGESTIVE SYSTEM,Symptom – Digestive
1540.0,Gastrointestinal infection,SYMPTOM MODULE,SYMPTOMS REFERABLE TO THE DIGESTIVE SYSTEM,Symptom – Digestive
1545.0,"Stomach and abdominal pain, cramps and spasms",SYMPTOM MODULE,SYMPTOMS REFERABLE TO THE DIGESTIVE SYSTEM,Symptom – Digestive
1545.1,"Abdominal pain, cramps, spasms, NOS",SYMPTOM MODULE,SYMPTOMS REFERABLE TO THE DIGESTIVE SYSTEM,Symptom – Digestive
1545.2,"Lower abdominal pain, cramps, spasms,",SYMPTOM MODULE,SYMPTOMS REFERABLE TO THE DIGESTIVE SYSTEM,Symptom – Digestive
1545.3,"Upper abdominal pain, cramps, spasms",SYMPTOM MODULE,SYMPTOMS REFERABLE TO THE DIGESTIVE SYSTEM,Symptom – Digestive
1565.0,Change in abdominal size (stomach size),SYMPTOM MODULE,SYMPTOMS REFERABLE TO THE DIGESTIVE SYSTEM,Symptom – Digestive
1565.1,"Distention, fullness, NOS",SYMPTOM MODULE,SYMPTOMS REFERABLE TO THE DIGESTIVE SYSTEM,Symptom – Digestive
1565.2,Mass or tumor,SYMPTOM MODULE,SYMPTOMS REFERABLE TO THE DIGESTIVE SYSTEM,Symptom – Digestive
1565.3,"Abdominal swelling, NOS",SYMPTOM MODULE,SYMPTOMS REFERABLE TO THE DIGESTIVE SYSTEM,Symptom – Digestive
1570.0,"Appetite, abnormal",SYMPTOM MODULE,SYMPTOMS REFERABLE TO THE DIGESTIVE SYSTEM,Symptom – Digestive
1570.1,Excessive appetite,SYMPTOM MODULE,SYMPTOMS REFERABLE TO THE DIGESTIVE SYSTEM,Symptom – Digestive
1570.2,Decreased appetite,SYMPTOM MODULE,SYMPTOMS REFERABLE TO THE DIGESTIVE SYSTEM,Symptom – Digestive
1575.0,Difficulty eating,SYMPTOM MODULE,SYMPTOMS REFERABLE TO THE DIGESTIVE SYSTEM,Symptom – Digestive
1580.0,Gastrointestinal bleeding,SYMPTOM MODULE,SYMPTOMS REFERABLE TO THE DIGESTIVE SYSTEM,Symptom – Digestive
1580.1,Blood in stool (melena),SYMPTOM MODULE,SYMPTOMS REFERABLE TO THE DIGESTIVE SYSTEM,Symptom – Digestive
1580.2,Vomiting blood (hematemesis),SYMPTOM MODULE,SYMPTOMS REFERABLE TO THE DIGESTIVE SYSTEM,Symptom – Digestive
1585.0,Flatulence,SYMPTOM MODULE,SYMPTOMS REFERABLE TO THE DIGESTIVE SYSTEM,Symptom – Digestive
1590.0,Constipation,SYMPTOM MODULE,SYMPTOMS REFERABLE TO THE DIGESTIVE SYSTEM,Symptom – Digestive
1595.0,Diarrhea,SYMPTOM MODULE,SYMPTOMS REFERABLE TO THE DIGESTIVE SYSTEM,Symptom – Digestive
1600.0,Other symptoms or changes in bowel function,SYMPTOM MODULE,SYMPTOMS REFERABLE TO THE DIGESTIVE SYSTEM,Symptom – Digestive
1600.1,Discharge in stools,SYMPTOM MODULE,SYMPTOMS REFERABLE TO THE DIGESTIVE SYSTEM,Symptom – Digestive
1600.2,Worms,SYMPTOM MODULE,SYMPTOMS REFERABLE TO THE DIGESTIVE SYSTEM,Symptom – Digestive
1600.3,"Changes in size, color, shape, or odor",SYMPTOM MODULE,SYMPTOMS REFERABLE TO THE DIGESTIVE SYSTEM,Symptom – Digestive
1600.4,Incontinence of stool,SYMPTOM MODULE,SYMPTOMS REFERABLE TO THE DIGESTIVE SYSTEM,Symptom – Digestive
1605.0,Symptoms referable to anus-rectum,SYMPTOM MODULE,SYMPTOMS REFERABLE TO THE DIGESTIVE SYSTEM,Symptom – Digestive
1605.1,Pain,SYMPTOM MODULE,SYMPTOMS REFERABLE TO THE DIGESTIVE SYSTEM,Symptom – Digestive
1605.2,Bleeding,SYMPTOM MODULE,SYMPTOMS REFERABLE TO THE DIGESTIVE SYSTEM,Symptom – Digestive
1605.3,Swelling or mass,SYMPTOM MODULE,SYMPTOMS REFERABLE TO THE DIGESTIVE SYSTEM,Symptom – Digestive
1605.4,Itching,SYMPTOM MODULE,SYMPTOMS REFERABLE TO THE DIGESTIVE SYSTEM,Symptom – Digestive
1610.0,"Symptoms of liver, gallbladder, and biliary tract",SYMPTOM MODULE,SYMPTOMS REFERABLE TO THE DIGESTIVE SYSTEM,Symptom – Digestive
1610.1,Pain,SYMPTOM MODULE,SYMPTOMS REFERABLE TO THE DIGESTIVE SYSTEM,Symptom – Digestive
1610.2,Jaundice,SYMPTOM MODULE,SYMPTOMS REFERABLE TO THE DIGESTIVE SYSTEM,Symptom – Digestive
1615.0,Other and unspecified symptoms referable to digestive system,SYMPTOM MODULE,SYMPTOMS REFERABLE TO THE DIGESTIVE SYSTEM,Symptom – Digestive
1640.0,Abnormalities of urine,SYMPTOM MODULE,SYMPTOMS REFERABLE TO THE GENITOURINARY SYSTEM,Symptom – Genitourinary
1640.1,Blood in urine (hematuria),SYMPTOM MODULE,SYMPTOMS REFERABLE TO THE GENITOURINARY SYSTEM,Symptom – Genitourinary
1640.2,Pus in urine,SYMPTOM MODULE,SYMPTOMS REFERABLE TO THE GENITOURINARY SYSTEM,Symptom – Genitourinary
1640.3,Unusual color or odor,SYMPTOM MODULE,SYMPTOMS REFERABLE TO THE GENITOURINARY SYSTEM,Symptom – Genitourinary
1645.0,Frequency and urgency of urination,SYMPTOM MODULE,SYMPTOMS REFERABLE TO THE GENITOURINARY SYSTEM,Symptom – Genitourinary
1645.1,"Excessive urination, night (nocturia)",SYMPTOM MODULE,SYMPTOMS REFERABLE TO THE GENITOURINARY SYSTEM,Symptom – Genitourinary
1650.0,Painful urination,SYMPTOM MODULE,SYMPTOMS REFERABLE TO THE GENITOURINARY SYSTEM,Symptom – Genitourinary
1655.0,Incontinence of urine (enuresis),SYMPTOM MODULE,SYMPTOMS REFERABLE TO THE GENITOURINARY SYSTEM,Symptom – Genitourinary
1655.1,"Involuntary urination, can't hold urine, dribbling, wetting pants",SYMPTOM MODULE,SYMPTOMS REFERABLE TO THE GENITOURINARY SYSTEM,Symptom – Genitourinary
1655.2,Bedwetting,SYMPTOM MODULE,SYMPTOMS REFERABLE TO THE GENITOURINARY SYSTEM,Symptom – Genitourinary
1660.0,Other urinary dysfunctions,SYMPTOM MODULE,SYMPTOMS REFERABLE TO THE GENITOURINARY SYSTEM,Symptom – Genitourinary
1660.1,Retention of urine,SYMPTOM MODULE,SYMPTOMS REFERABLE TO THE GENITOURINARY SYSTEM,Symptom – Genitourinary
1660.2,Hesitancy,SYMPTOM MODULE,SYMPTOMS REFERABLE TO THE GENITOURINARY SYSTEM,Symptom – Genitourinary
1660.3,Large volume,SYMPTOM MODULE,SYMPTOMS REFERABLE TO THE GENITOURINARY SYSTEM,Symptom – Genitourinary
1660.4,Small volume,SYMPTOM MODULE,SYMPTOMS REFERABLE TO THE GENITOURINARY SYSTEM,Symptom – Genitourinary
1665.0,Symptoms of bladder,SYMPTOM MODULE,SYMPTOMS REFERABLE TO THE GENITOURINARY SYSTEM,Symptom – Genitourinary
1665.1,Pain,SYMPTOM MODULE,SYMPTOMS REFERABLE TO THE GENITOURINARY SYSTEM,Symptom – Genitourinary
1665.2,Infection,SYMPTOM MODULE,SYMPTOMS REFERABLE TO THE GENITOURINARY SYSTEM,Symptom – Genitourinary
1665.3,Mass,SYMPTOM MODULE,SYMPTOMS REFERABLE TO THE GENITOURINARY SYSTEM,Symptom – Genitourinary
1670.0,Symptoms of the kidneys,SYMPTOM MODULE,SYMPTOMS REFERABLE TO THE GENITOURINARY SYSTEM,Symptom – Genitourinary
1670.1,Pain,SYMPTOM MODULE,SYMPTOMS REFERABLE TO THE GENITOURINARY SYSTEM,Symptom – Genitourinary
1670.2,Infection,SYMPTOM MODULE,SYMPTOMS REFERABLE TO THE GENITOURINARY SYSTEM,Symptom – Genitourinary
1670.3,Mass,SYMPTOM MODULE,SYMPTOMS REFERABLE TO THE GENITOURINARY SYSTEM,Symptom – Genitourinary
1675.0,"Urinary tract infection, NOS",SYMPTOM MODULE,SYMPTOMS REFERABLE TO THE GENITOURINARY SYSTEM,Symptom – Genitourinary
1680.0,Other symptoms referable to urinary tract,SYMPTOM MODULE,SYMPTOMS REFERABLE TO THE GENITOURINARY SYSTEM,Symptom – Genitourinary
1700.0,Symptoms of penis,SYMPTOM MODULE,SYMPTOMS REFERABLE TO THE GENITOURINARY SYSTEM,Symptom – Genitourinary
1700.1,"Pain, aching, soreness, tenderness, painful erection",SYMPTOM MODULE,SYMPTOMS REFERABLE TO THE GENITOURINARY SYSTEM,Symptom – Genitourinary
1700.2,"Infection, inflammation, swelling",SYMPTOM MODULE,SYMPTOMS REFERABLE TO THE GENITOURINARY SYSTEM,Symptom – Genitourinary
1700.3,"Lumps, bumps, growths, warts",SYMPTOM MODULE,SYMPTOMS REFERABLE TO THE GENITOURINARY SYSTEM,Symptom – Genitourinary
1705.0,Penile discharge,SYMPTOM MODULE,SYMPTOMS REFERABLE TO THE GENITOURINARY SYSTEM,Symptom – Genitourinary
1710.0,Symptoms of prostate,SYMPTOM MODULE,SYMPTOMS REFERABLE TO THE GENITOURINARY SYSTEM,Symptom – Genitourinary
1710.1,Swelling,SYMPTOM MODULE,SYMPTOMS REFERABLE TO THE GENITOURINARY SYSTEM,Symptom – Genitourinary
1710.2,Infection,SYMPTOM MODULE,SYMPTOMS REFERABLE TO THE GENITOURINARY SYSTEM,Symptom – Genitourinary
1715.0,Symptoms of the scrotum and testes,SYMPTOM MODULE,SYMPTOMS REFERABLE TO THE GENITOURINARY SYSTEM,Symptom – Genitourinary
1715.1,"Pain, aching, tenderness",SYMPTOM MODULE,SYMPTOMS REFERABLE TO THE GENITOURINARY SYSTEM,Symptom – Genitourinary
1715.2,"Swelling, inflammation",SYMPTOM MODULE,SYMPTOMS REFERABLE TO THE GENITOURINARY SYSTEM,Symptom – Genitourinary
1715.3,"Growths, warts, lumps, bumps",SYMPTOM MODULE,SYMPTOMS REFERABLE TO THE GENITOURINARY SYSTEM,Symptom – Genitourinary
1715.4,"Itching, jock itch",SYMPTOM MODULE,SYMPTOMS REFERABLE TO THE GENITOURINARY SYSTEM,Symptom – Genitourinary
1720.0,Other symptoms of male reproductive system,SYMPTOM MODULE,SYMPTOMS REFERABLE TO THE GENITOURINARY SYSTEM,Symptom – Genitourinary
1730.0,Absence of menstruation (amenorrhea),SYMPTOM MODULE,SYMPTOMS REFERABLE TO THE GENITOURINARY SYSTEM,Symptom – Genitourinary
1735.0,Irregularity of menstrual interval,SYMPTOM MODULE,SYMPTOMS REFERABLE TO THE GENITOURINARY SYSTEM,Symptom – Genitourinary
1735.1,Frequent,SYMPTOM MODULE,SYMPTOMS REFERABLE TO THE GENITOURINARY SYSTEM,Symptom – Genitourinary
1735.2,Infrequent,SYMPTOM MODULE,SYMPTOMS REFERABLE TO THE GENITOURINARY SYSTEM,Symptom – Genitourinary
1735.3,Unpredictable,SYMPTOM MODULE,SYMPTOMS REFERABLE TO THE GENITOURINARY SYSTEM,Symptom – Genitourinary
1740.0,Irregularity of menstrual flow,SYMPTOM MODULE,SYMPTOMS REFERABLE TO THE GENITOURINARY SYSTEM,Symptom – Genitourinary
1740.1,Excessively heavy (menorrhagia),SYMPTOM MODULE,SYMPTOMS REFERABLE TO THE GENITOURINARY SYSTEM,Symptom – Genitourinary
1740.2,Scanty flow (oligomenorrhea),SYMPTOM MODULE,SYMPTOMS REFERABLE TO THE GENITOURINARY SYSTEM,Symptom – Genitourinary
1740.3,"Abnormal material, including clots",SYMPTOM MODULE,SYMPTOMS REFERABLE TO THE GENITOURINARY SYSTEM,Symptom – Genitourinary
1745.0,"Menstrual symptoms, other and unspecified",SYMPTOM MODULE,SYMPTOMS REFERABLE TO THE GENITOURINARY SYSTEM,Symptom – Genitourinary
1745.1,"Premenstrual symptoms, PMS",SYMPTOM MODULE,SYMPTOMS REFERABLE TO THE GENITOURINARY SYSTEM,Symptom – Genitourinary
1745.2,Painful menstruation (dysmenorrhea),SYMPTOM MODULE,SYMPTOMS REFERABLE TO THE GENITOURINARY SYSTEM,Symptom – Genitourinary
1750.0,Menopausal symptoms,SYMPTOM MODULE,SYMPTOMS REFERABLE TO THE GENITOURINARY SYSTEM,Symptom – Genitourinary
1750.1,Early or late onset of menopause,SYMPTOM MODULE,SYMPTOMS REFERABLE TO THE GENITOURINARY SYSTEM,Symptom – Genitourinary
1750.2,Vasomotor symptoms-hot flashes,SYMPTOM MODULE,SYMPTOMS REFERABLE TO THE GENITOURINARY SYSTEM,Symptom – Genitourinary
1750.3,"Emotional symptoms, change of life problems",SYMPTOM MODULE,SYMPTOMS REFERABLE TO THE GENITOURINARY SYSTEM,Symptom – Genitourinary
1755.0,Uterine and vaginal bleeding,SYMPTOM MODULE,SYMPTOMS REFERABLE TO THE GENITOURINARY SYSTEM,Symptom – Genitourinary
1755.1,Intermenstrual bleeding (metrorrhagia),SYMPTOM MODULE,SYMPTOMS REFERABLE TO THE GENITOURINARY SYSTEM,Symptom – Genitourinary
1755.2,Postmenopausal bleeding,SYMPTOM MODULE,SYMPTOMS REFERABLE TO THE GENITOURINARY SYSTEM,Symptom – Genitourinary
1755.3,"Postcoital bleeding, female",SYMPTOM MODULE,SYMPTOMS REFERABLE TO THE GENITOURINARY SYSTEM,Symptom – Genitourinary
1760.0,Vaginal discharge,SYMPTOM MODULE,SYMPTOMS REFERABLE TO THE GENITOURINARY SYSTEM,Symptom – Genitourinary
1765.0,Other vaginal symptoms,SYMPTOM MODULE,SYMPTOMS REFERABLE TO THE GENITOURINARY SYSTEM,Symptom – Genitourinary
1765.1,Pain,SYMPTOM MODULE,SYMPTOMS REFERABLE TO THE GENITOURINARY SYSTEM,Symptom – Genitourinary
1765.2,Infection,SYMPTOM MODULE,SYMPTOMS REFERABLE TO THE GENITOURINARY SYSTEM,Symptom – Genitourinary
1765.3,"Itching, burning",SYMPTOM MODULE,SYMPTOMS REFERABLE TO THE GENITOURINARY SYSTEM,Symptom – Genitourinary
1765.4,Vaginal dryness,SYMPTOM MODULE,SYMPTOMS REFERABLE TO THE GENITOURINARY SYSTEM,Symptom – Genitourinary
1770.0,Vulvar disorders,SYMPTOM MODULE,SYMPTOMS REFERABLE TO THE GENITOURINARY SYSTEM,Symptom – Genitourinary
1770.1,"Itching and irritation, swelling",SYMPTOM MODULE,SYMPTOMS REFERABLE TO THE GENITOURINARY SYSTEM,Symptom – Genitourinary
1770.2,"Mass, lump",SYMPTOM MODULE,SYMPTOMS REFERABLE TO THE GENITOURINARY SYSTEM,Symptom – Genitourinary
1770.3,"Growth, wart, cyst, ulcer, sore",SYMPTOM MODULE,SYMPTOMS REFERABLE TO THE GENITOURINARY SYSTEM,Symptom – Genitourinary
1775.0,Pelvic symptoms,SYMPTOM MODULE,SYMPTOMS REFERABLE TO THE GENITOURINARY SYSTEM,Symptom – Genitourinary
1775.1,Pain,SYMPTOM MODULE,SYMPTOMS REFERABLE TO THE GENITOURINARY SYSTEM,Symptom – Genitourinary
1775.2,Pressure or dropping sensation,SYMPTOM MODULE,SYMPTOMS REFERABLE TO THE GENITOURINARY SYSTEM,Symptom – Genitourinary
1775.3,"Infection, inflammation",SYMPTOM MODULE,SYMPTOMS REFERABLE TO THE GENITOURINARY SYSTEM,Symptom – Genitourinary
1790.0,Problems and other conditions related to pregnancy,SYMPTOM MODULE,SYMPTOMS REFERABLE TO THE GENITOURINARY SYSTEM,Symptom – Genitourinary
1790.1,Pain during pregnancy,SYMPTOM MODULE,SYMPTOMS REFERABLE TO THE GENITOURINARY SYSTEM,Symptom – Genitourinary
1790.2,"Spotting, bleeding during pregnancy",SYMPTOM MODULE,SYMPTOMS REFERABLE TO THE GENITOURINARY SYSTEM,Symptom – Genitourinary
1790.3,Symptoms of onset of labor,SYMPTOM MODULE,SYMPTOMS REFERABLE TO THE GENITOURINARY SYSTEM,Symptom – Genitourinary
1791.0,Postpartum problems,SYMPTOM MODULE,SYMPTOMS REFERABLE TO THE GENITOURINARY SYSTEM,Symptom – Genitourinary
1795.0,Other symptoms referable to the female reproductive system,SYMPTOM MODULE,SYMPTOMS REFERABLE TO THE GENITOURINARY SYSTEM,Symptom – Genitourinary
1800.0,Pain or soreness of breast,SYMPTOM MODULE,SYMPTOMS REFERABLE TO THE GENITOURINARY SYSTEM,Symptom – Genitourinary
1805.0,Lump or mass of breast,SYMPTOM MODULE,SYMPTOMS REFERABLE TO THE GENITOURINARY SYSTEM,Symptom – Genitourinary
1810.0,Other symptoms referable to breast,SYMPTOM MODULE,SYMPTOMS REFERABLE TO THE GENITOURINARY SYSTEM,Symptom – Genitourinary
1810.1,Bleeding or discharge from nipple or breast,SYMPTOM MODULE,SYMPTOMS REFERABLE TO THE GENITOURINARY SYSTEM,Symptom – Genitourinary
1810.2,Postpartum problems,SYMPTOM MODULE,SYMPTOMS REFERABLE TO THE GENITOURINARY SYSTEM,Symptom – Genitourinary
1810.3,Problems with shape or size,SYMPTOM MODULE,SYMPTOMS REFERABLE TO THE GENITOURINARY SYSTEM,Symptom – Genitourinary
1815.0,Symptoms of infertility,SYMPTOM MODULE,SYMPTOMS REFERABLE TO THE GENITOURINARY SYSTEM,Symptom – Genitourinary
1820.0,Hormone deficiency or problem,SYMPTOM MODULE,SYMPTOMS REFERABLE TO THE GENITOURINARY SYSTEM,Symptom – Genitourinary
1825.0,Symptoms of sexual dysfunction,SYMPTOM MODULE,SYMPTOMS REFERABLE TO THE GENITOURINARY SYSTEM,Symptom – Genitourinary
1830.0,Acne or pimples,SYMPTOM MODULE,"SYMPTOMS REFERABLE TO THE SKIN, NAILS, AND HAIR",Symptom – Skin/Hair/Nails
1835.0,Discoloration or abnormal pigmentation,SYMPTOM MODULE,"SYMPTOMS REFERABLE TO THE SKIN, NAILS, AND HAIR",Symptom – Skin/Hair/Nails
1840.0,"Infections of skin, NOS",SYMPTOM MODULE,"SYMPTOMS REFERABLE TO THE SKIN, NAILS, AND HAIR",Symptom – Skin/Hair/Nails
1840.1,Infection of skin of head or neck area,SYMPTOM MODULE,"SYMPTOMS REFERABLE TO THE SKIN, NAILS, AND HAIR",Symptom – Skin/Hair/Nails
1840.2,"Infection of skin of arm, hand, or finger",SYMPTOM MODULE,"SYMPTOMS REFERABLE TO THE SKIN, NAILS, AND HAIR",Symptom – Skin/Hair/Nails
1840.3,"Infection of skin of leg, foot, or toe",SYMPTOM MODULE,"SYMPTOMS REFERABLE TO THE SKIN, NAILS, AND HAIR",Symptom – Skin/Hair/Nails
1845.0,Symptoms of skin moles,SYMPTOM MODULE,"SYMPTOMS REFERABLE TO THE SKIN, NAILS, AND HAIR",Symptom – Skin/Hair/Nails
1845.1,Change in size or color,SYMPTOM MODULE,"SYMPTOMS REFERABLE TO THE SKIN, NAILS, AND HAIR",Symptom – Skin/Hair/Nails
1845.2,Bleeding mole,SYMPTOM MODULE,"SYMPTOMS REFERABLE TO THE SKIN, NAILS, AND HAIR",Symptom – Skin/Hair/Nails
1850.0,"Warts, NOS",SYMPTOM MODULE,"SYMPTOMS REFERABLE TO THE SKIN, NAILS, AND HAIR",Symptom – Skin/Hair/Nails
1855.0,Other growths of skin,SYMPTOM MODULE,"SYMPTOMS REFERABLE TO THE SKIN, NAILS, AND HAIR",Symptom – Skin/Hair/Nails
1860.0,Skin rash,SYMPTOM MODULE,"SYMPTOMS REFERABLE TO THE SKIN, NAILS, AND HAIR",Symptom – Skin/Hair/Nails
1860.1,Diaper rash,SYMPTOM MODULE,"SYMPTOMS REFERABLE TO THE SKIN, NAILS, AND HAIR",Symptom – Skin/Hair/Nails
1865.0,"Skin lesion, NOS",SYMPTOM MODULE,"SYMPTOMS REFERABLE TO THE SKIN, NAILS, AND HAIR",Symptom – Skin/Hair/Nails
1870.0,"Skin irritations, NEC",SYMPTOM MODULE,"SYMPTOMS REFERABLE TO THE SKIN, NAILS, AND HAIR",Symptom – Skin/Hair/Nails
1870.1,Pain,SYMPTOM MODULE,"SYMPTOMS REFERABLE TO THE SKIN, NAILS, AND HAIR",Symptom – Skin/Hair/Nails
1870.2,Itching,SYMPTOM MODULE,"SYMPTOMS REFERABLE TO THE SKIN, NAILS, AND HAIR",Symptom – Skin/Hair/Nails
1875.0,Swelling of skin,SYMPTOM MODULE,"SYMPTOMS REFERABLE TO THE SKIN, NAILS, AND HAIR",Symptom – Skin/Hair/Nails
1880.0,Other symptoms referable to skin,SYMPTOM MODULE,"SYMPTOMS REFERABLE TO THE SKIN, NAILS, AND HAIR",Symptom – Skin/Hair/Nails
1880.1,Oiliness,SYMPTOM MODULE,"SYMPTOMS REFERABLE TO THE SKIN, NAILS, AND HAIR",Symptom – Skin/Hair/Nails
1880.2,"Dryness, peeling, scaliness, roughness",SYMPTOM MODULE,"SYMPTOMS REFERABLE TO THE SKIN, NAILS, AND HAIR",Symptom – Skin/Hair/Nails
1880.3,Wrinkles,SYMPTOM MODULE,"SYMPTOMS REFERABLE TO THE SKIN, NAILS, AND HAIR",Symptom – Skin/Hair/Nails
1885.0,Symptoms referable to nails,SYMPTOM MODULE,"SYMPTOMS REFERABLE TO THE SKIN, NAILS, AND HAIR",Symptom – Skin/Hair/Nails
1885.1,Infected,SYMPTOM MODULE,"SYMPTOMS REFERABLE TO THE SKIN, NAILS, AND HAIR",Symptom – Skin/Hair/Nails
1885.2,Ingrown,SYMPTOM MODULE,"SYMPTOMS REFERABLE TO THE SKIN, NAILS, AND HAIR",Symptom – Skin/Hair/Nails
1885.3,"Brittle, breaking, splitting, cracked, ridged",SYMPTOM MODULE,"SYMPTOMS REFERABLE TO THE SKIN, NAILS, AND HAIR",Symptom – Skin/Hair/Nails
1890.0,Symptoms referable to hair and scalp,SYMPTOM MODULE,"SYMPTOMS REFERABLE TO THE SKIN, NAILS, AND HAIR",Symptom – Skin/Hair/Nails
1890.1,Too little hair,SYMPTOM MODULE,"SYMPTOMS REFERABLE TO THE SKIN, NAILS, AND HAIR",Symptom – Skin/Hair/Nails
1890.2,Unwanted hair,SYMPTOM MODULE,"SYMPTOMS REFERABLE TO THE SKIN, NAILS, AND HAIR",Symptom – Skin/Hair/Nails
1890.3,"Dryness, flaky scalp, dry scalp",SYMPTOM MODULE,"SYMPTOMS REFERABLE TO THE SKIN, NAILS, AND HAIR",Symptom – Skin/Hair/Nails
1890.4,Itching,SYMPTOM MODULE,"SYMPTOMS REFERABLE TO THE SKIN, NAILS, AND HAIR",Symptom – Skin/Hair/Nails
1895.0,Navel problems,SYMPTOM MODULE,"SYMPTOMS REFERABLE TO THE SKIN, NAILS, AND HAIR",Symptom – Skin/Hair/Nails
1900.0,Neck symptoms,SYMPTOM MODULE,SYMPTOMS REFERABLE TO THE MUSCULOSKELETAL SYSTEM,Symptom – Musculoskeletal
1905.0,Back symptoms,SYMPTOM MODULE,SYMPTOMS REFERABLE TO THE MUSCULOSKELETAL SYSTEM,Symptom – Musculoskeletal
1910.0,Low back symptoms,SYMPTOM MODULE,SYMPTOMS REFERABLE TO THE MUSCULOSKELETAL SYSTEM,Symptom – Musculoskeletal
1915.0,Hip symptoms,SYMPTOM MODULE,SYMPTOMS REFERABLE TO THE MUSCULOSKELETAL SYSTEM,Symptom – Musculoskeletal
1920.0,Leg symptoms,SYMPTOM MODULE,SYMPTOMS REFERABLE TO THE MUSCULOSKELETAL SYSTEM,Symptom – Musculoskeletal
1925.0,Knee symptoms,SYMPTOM MODULE,SYMPTOMS REFERABLE TO THE MUSCULOSKELETAL SYSTEM,Symptom – Musculoskeletal
1930.0,Ankle symptoms,SYMPTOM MODULE,SYMPTOMS REFERABLE TO THE MUSCULOSKELETAL SYSTEM,Symptom – Musculoskeletal
1935.0,Foot and toe symptoms,SYMPTOM MODULE,SYMPTOMS REFERABLE TO THE MUSCULOSKELETAL SYSTEM,Symptom – Musculoskeletal
1940.0,Shoulder symptoms,SYMPTOM MODULE,SYMPTOMS REFERABLE TO THE MUSCULOSKELETAL SYSTEM,Symptom – Musculoskeletal
1945.0,Arm symptoms,SYMPTOM MODULE,SYMPTOMS REFERABLE TO THE MUSCULOSKELETAL SYSTEM,Symptom – Musculoskeletal
1950.0,Elbow symptoms,SYMPTOM MODULE,SYMPTOMS REFERABLE TO THE MUSCULOSKELETAL SYSTEM,Symptom – Musculoskeletal
1955.0,Wrist symptoms,SYMPTOM MODULE,SYMPTOMS REFERABLE TO THE MUSCULOSKELETAL SYSTEM,Symptom – Musculoskeletal
1960.0,Hand and finger symptoms,SYMPTOM MODULE,SYMPTOMS REFERABLE TO THE MUSCULOSKELETAL SYSTEM,Symptom – Musculoskeletal
1965.0,Symptoms of unspecified muscles,SYMPTOM MODULE,SYMPTOMS REFERABLE TO THE MUSCULOSKELETAL SYSTEM,Symptom – Musculoskeletal
1970.0,Symptoms of unspecified joints,SYMPTOM MODULE,SYMPTOMS REFERABLE TO THE MUSCULOSKELETAL SYSTEM,Symptom – Musculoskeletal
1975.0,Musculoskeletal deformities,SYMPTOM MODULE,SYMPTOMS REFERABLE TO THE MUSCULOSKELETAL SYSTEM,Symptom – Musculoskeletal
1975.1,"Bowlegged, knock-kneed",SYMPTOM MODULE,SYMPTOMS REFERABLE TO THE MUSCULOSKELETAL SYSTEM,Symptom – Musculoskeletal
1975.2,Posture problems,SYMPTOM MODULE,SYMPTOMS REFERABLE TO THE MUSCULOSKELETAL SYSTEM,Symptom – Musculoskeletal
1975.3,"Pigeon-toed, feet turn in",SYMPTOM MODULE,SYMPTOMS REFERABLE TO THE MUSCULOSKELETAL SYSTEM,Symptom – Musculoskeletal
1980.0,Other musculoskeletal symptoms,SYMPTOM MODULE,SYMPTOMS REFERABLE TO THE MUSCULOSKELETAL SYSTEM,Symptom – Musculoskeletal
2005.0,Intestinal infectious diseases,DISEASE MODULE,INFECTIVE AND PARASITIC DISEASES,Diseases (patient-stated diagnosis)
2010.0,Streptococcal infection,DISEASE MODULE,INFECTIVE AND PARASITIC DISEASES,Diseases (patient-stated diagnosis)
2015.0,Viral diseases,DISEASE MODULE,INFECTIVE AND PARASITIC DISEASES,Diseases (patient-stated diagnosis)
2015.1,Human immunodeficiency virus (HIV) with or without associated conditions,DISEASE MODULE,INFECTIVE AND PARASITIC DISEASES,Diseases (patient-stated diagnosis)
2015.2,Hemorrhagic fevers,DISEASE MODULE,INFECTIVE AND PARASITIC DISEASES,Diseases (patient-stated diagnosis)
2016.0,"Coronavirus infection, unspecified (added in 2020)",DISEASE MODULE,INFECTIVE AND PARASITIC DISEASES,Diseases (patient-stated diagnosis)
2017.0,SARS-associated coronavirus as the cause of diseases classified elsewhere (added in 2020),DISEASE MODULE,INFECTIVE AND PARASITIC DISEASES,Diseases (patient-stated diagnosis)
2017.1,Other coronavirus as the cause of diseases classified elsewhere (added in 2020),DISEASE MODULE,INFECTIVE AND PARASITIC DISEASES,Diseases (patient-stated diagnosis)
2020.0,Sexually transmitted diseases,DISEASE MODULE,INFECTIVE AND PARASITIC DISEASES,Diseases (patient-stated diagnosis)
2022.0,NHAMCS MICRO-DATA FILE DOCUMENTATION,DISEASE MODULE,INFECTIVE AND PARASITIC DISEASES,Diseases (patient-stated diagnosis)
2025.0,Fungus infections (mycoses),DISEASE MODULE,INFECTIVE AND PARASITIC DISEASES,Diseases (patient-stated diagnosis)
2030.0,Parasitic diseases,DISEASE MODULE,INFECTIVE AND PARASITIC DISEASES,Diseases (patient-stated diagnosis)
2031.0,"Sepsis, septicemia",DISEASE MODULE,INFECTIVE AND PARASITIC DISEASES,Diseases (patient-stated diagnosis)
2035.0,Other and unspecified infectious and parasitic diseases,DISEASE MODULE,INFECTIVE AND PARASITIC DISEASES,Diseases (patient-stated diagnosis)
2100.0,"Cancer, gastrointestinal tract",DISEASE MODULE,NEOPLASMS,Diseases (patient-stated diagnosis)
2105.0,"Cancer, respiratory tract",DISEASE MODULE,NEOPLASMS,Diseases (patient-stated diagnosis)
2110.0,"Cancer, skin and subcutaneous tissues",DISEASE MODULE,NEOPLASMS,Diseases (patient-stated diagnosis)
2115.0,"Cancer, breast",DISEASE MODULE,NEOPLASMS,Diseases (patient-stated diagnosis)
2120.0,"Cancer, female genital tract",DISEASE MODULE,NEOPLASMS,Diseases (patient-stated diagnosis)
2125.0,"Cancer, male genital tract",DISEASE MODULE,NEOPLASMS,Diseases (patient-stated diagnosis)
2126.0,Cancer of urinary tract,DISEASE MODULE,NEOPLASMS,Diseases (patient-stated diagnosis)
2130.0,Other malignant neoplasms,DISEASE MODULE,NEOPLASMS,Diseases (patient-stated diagnosis)
2135.0,"Hodgkin's disease, lymphomas, leukemias",DISEASE MODULE,NEOPLASMS,Diseases (patient-stated diagnosis)
2140.0,Fibroids and other benign uterine neoplasms,DISEASE MODULE,NEOPLASMS,Diseases (patient-stated diagnosis)
2145.0,Other benign neoplasms,DISEASE MODULE,NEOPLASMS,Diseases (patient-stated diagnosis)
2150.0,Neoplasm of uncertain nature,DISEASE MODULE,NEOPLASMS,Diseases (patient-stated diagnosis)
2200.0,Diseases of the thyroid gland,DISEASE MODULE,"ENDOCRINE, NUTRITIONAL, METABOLIC, AND IMMUNITY DISEASES",Diseases (patient-stated diagnosis)
2201.0,Diabetic skin ulcer (wound check),DISEASE MODULE,"ENDOCRINE, NUTRITIONAL, METABOLIC, AND IMMUNITY DISEASES",Diseases (patient-stated diagnosis)
2205.0,Diabetes mellitus,DISEASE MODULE,"ENDOCRINE, NUTRITIONAL, METABOLIC, AND IMMUNITY DISEASES",Diseases (patient-stated diagnosis)
2210.0,"Gout, hyperuricemia",DISEASE MODULE,"ENDOCRINE, NUTRITIONAL, METABOLIC, AND IMMUNITY DISEASES",Diseases (patient-stated diagnosis)
2215.0,"Other endocrine, nutritional, metabolic and immunity diseases",DISEASE MODULE,"ENDOCRINE, NUTRITIONAL, METABOLIC, AND IMMUNITY DISEASES",Diseases (patient-stated diagnosis)
2250.0,Anemia,DISEASE MODULE,DISEASES OF THE BLOOD AND BLOOD-FORMING ORGANS,Diseases (patient-stated diagnosis)
2255.0,Other diseases of blood and blood-forming organs,DISEASE MODULE,DISEASES OF THE BLOOD AND BLOOD-FORMING ORGANS,Diseases (patient-stated diagnosis)
2300.0,Organic psychoses,DISEASE MODULE,MENTAL DISORDERS,Diseases (patient-stated diagnosis)
2305.0,Functional psychoses,DISEASE MODULE,MENTAL DISORDERS,Diseases (patient-stated diagnosis)
2310.0,Neuroses,DISEASE MODULE,MENTAL DISORDERS,Diseases (patient-stated diagnosis)
2315.0,Personality and character disorders,DISEASE MODULE,MENTAL DISORDERS,Diseases (patient-stated diagnosis)
2320.0,Alcoholism,DISEASE MODULE,MENTAL DISORDERS,Diseases (patient-stated diagnosis)
2321.0,Drug dependence,DISEASE MODULE,MENTAL DISORDERS,Diseases (patient-stated diagnosis)
2325.0,Mental retardation,DISEASE MODULE,MENTAL DISORDERS,Diseases (patient-stated diagnosis)
2330.0,Other and unspecified mental disorders,DISEASE MODULE,MENTAL DISORDERS,Diseases (patient-stated diagnosis)
2330.1,Attention deficit disorder (ADD),DISEASE MODULE,MENTAL DISORDERS,Diseases (patient-stated diagnosis)
2350.0,Multiple sclerosis,DISEASE MODULE,DISEASES OF THE NERVOUS SYSTEM,Diseases (patient-stated diagnosis)
2355.0,Parkinson's disease (paralysis agitans),DISEASE MODULE,DISEASES OF THE NERVOUS SYSTEM,Diseases (patient-stated diagnosis)
2360.0,Epilepsy,DISEASE MODULE,DISEASES OF THE NERVOUS SYSTEM,Diseases (patient-stated diagnosis)
2365.0,Migraine headache,DISEASE MODULE,DISEASES OF THE NERVOUS SYSTEM,Diseases (patient-stated diagnosis)
2370.0,Other and unspecified diseases of the nervous system,DISEASE MODULE,DISEASES OF THE NERVOUS SYSTEM,Diseases (patient-stated diagnosis)
2400.0,Inflammatory diseases of the eye,DISEASE MODULE,DISEASES OF THE EYE,Diseases (patient-stated diagnosis)
2405.0,Refractive error,DISEASE MODULE,DISEASES OF THE EYE,Diseases (patient-stated diagnosis)
2410.0,Cataract,DISEASE MODULE,DISEASES OF THE EYE,Diseases (patient-stated diagnosis)
2415.0,Glaucoma,DISEASE MODULE,DISEASES OF THE EYE,Diseases (patient-stated diagnosis)
2420.0,Other diseases of the eye,DISEASE MODULE,DISEASES OF THE EYE,Diseases (patient-stated diagnosis)
2450.0,Otitis media,DISEASE MODULE,DISEASES OF THE EAR,Diseases (patient-stated diagnosis)
2455.0,Other diseases of the ear,DISEASE MODULE,DISEASES OF THE EAR,Diseases (patient-stated diagnosis)
2500.0,Rheumatic fever and chronic rheumatic heart disease,DISEASE MODULE,DISEASES OF THE CIRCULATORY SYSTEM,Diseases (patient-stated diagnosis)
2505.0,Hypertension with involvement of target organs,DISEASE MODULE,DISEASES OF THE CIRCULATORY SYSTEM,Diseases (patient-stated diagnosis)
2510.0,"Hypertension, hypertensive",DISEASE MODULE,DISEASES OF THE CIRCULATORY SYSTEM,Diseases (patient-stated diagnosis)
2515.0,Ischemic heart disease,DISEASE MODULE,DISEASES OF THE CIRCULATORY SYSTEM,Diseases (patient-stated diagnosis)
2520.0,Other heart disease,DISEASE MODULE,DISEASES OF THE CIRCULATORY SYSTEM,Diseases (patient-stated diagnosis)
2525.0,Cerebrovascular disease,DISEASE MODULE,DISEASES OF THE CIRCULATORY SYSTEM,Diseases (patient-stated diagnosis)
2530.0,Atherosclerosis,DISEASE MODULE,DISEASES OF THE CIRCULATORY SYSTEM,Diseases (patient-stated diagnosis)
2535.0,"Phlebitis, thrombophlebitis",DISEASE MODULE,DISEASES OF THE CIRCULATORY SYSTEM,Diseases (patient-stated diagnosis)
2540.0,Varicose veins,DISEASE MODULE,DISEASES OF THE CIRCULATORY SYSTEM,Diseases (patient-stated diagnosis)
2545.0,Hemorrhoids,DISEASE MODULE,DISEASES OF THE CIRCULATORY SYSTEM,Diseases (patient-stated diagnosis)
2550.0,Other disease of circulatory system,DISEASE MODULE,DISEASES OF THE CIRCULATORY SYSTEM,Diseases (patient-stated diagnosis)
2600.0,Upper respiratory infections except tonsillitis,DISEASE MODULE,DISEASES OF THE RESPIRATORY SYSTEM,Diseases (patient-stated diagnosis)
2605.0,Tonsillitis,DISEASE MODULE,DISEASES OF THE RESPIRATORY SYSTEM,Diseases (patient-stated diagnosis)
2610.0,Bronchitis,DISEASE MODULE,DISEASES OF THE RESPIRATORY SYSTEM,Diseases (patient-stated diagnosis)
2620.0,Emphysema,DISEASE MODULE,DISEASES OF THE RESPIRATORY SYSTEM,Diseases (patient-stated diagnosis)
2625.0,Asthma,DISEASE MODULE,DISEASES OF THE RESPIRATORY SYSTEM,Diseases (patient-stated diagnosis)
2630.0,Pneumonia,DISEASE MODULE,DISEASES OF THE RESPIRATORY SYSTEM,Diseases (patient-stated diagnosis)
2630.1,Pneumonia due to SARS-associated coronavirus (added in 2020),DISEASE MODULE,DISEASES OF THE RESPIRATORY SYSTEM,Diseases (patient-stated diagnosis)
2631.0,COVID-19 (added in 2020),DISEASE MODULE,DISEASES OF THE RESPIRATORY SYSTEM,Diseases (patient-stated diagnosis)
2632.0,"COVID-19, virus not identified (added in 2020)",DISEASE MODULE,DISEASES OF THE RESPIRATORY SYSTEM,Diseases (patient-stated diagnosis)
2633.0,Vaping-related disorder (added in 2020),DISEASE MODULE,DISEASES OF THE RESPIRATORY SYSTEM,Diseases (patient-stated diagnosis)
2635.0,Hay fever,DISEASE MODULE,DISEASES OF THE RESPIRATORY SYSTEM,Diseases (patient-stated diagnosis)
2636.0,Personal history of COVID-19,DISEASE MODULE,DISEASES OF THE RESPIRATORY SYSTEM,Diseases (patient-stated diagnosis)
2637.0,"Post COVID-19 condition, unspecified",DISEASE MODULE,DISEASES OF THE RESPIRATORY SYSTEM,Diseases (patient-stated diagnosis)
2640.0,Other respiratory diseases,DISEASE MODULE,DISEASES OF THE RESPIRATORY SYSTEM,Diseases (patient-stated diagnosis)
2650.0,"Diseases of the esophagus, stomach, and duodenum",DISEASE MODULE,DISEASES OF THE DIGESTIVE SYSTEM,Diseases (patient-stated diagnosis)
2655.0,"Appendicitis, all types",DISEASE MODULE,DISEASES OF THE DIGESTIVE SYSTEM,Diseases (patient-stated diagnosis)
2660.0,Hernia of abdominal cavity,DISEASE MODULE,DISEASES OF THE DIGESTIVE SYSTEM,Diseases (patient-stated diagnosis)
2665.0,Diseases of the intestine and peritoneum,DISEASE MODULE,DISEASES OF THE DIGESTIVE SYSTEM,Diseases (patient-stated diagnosis)
2670.0,"Diseases of the liver, gallbladder, and pancreas",DISEASE MODULE,DISEASES OF THE DIGESTIVE SYSTEM,Diseases (patient-stated diagnosis)
2675.0,"Other diseases of digestive system, NEC",DISEASE MODULE,DISEASES OF THE DIGESTIVE SYSTEM,Diseases (patient-stated diagnosis)
2675.1,Dental abscess,DISEASE MODULE,DISEASES OF THE DIGESTIVE SYSTEM,Diseases (patient-stated diagnosis)
2675.2,Dental cavities,DISEASE MODULE,DISEASES OF THE DIGESTIVE SYSTEM,Diseases (patient-stated diagnosis)
2675.3,Canker sore,DISEASE MODULE,DISEASES OF THE DIGESTIVE SYSTEM,Diseases (patient-stated diagnosis)
2675.4,Stomatitis,DISEASE MODULE,DISEASES OF THE DIGESTIVE SYSTEM,Diseases (patient-stated diagnosis)
2675.5,"Temporomandibular joint (TMJ) pain, Temporomandibular joint (TMJ) syndrome",DISEASE MODULE,DISEASES OF THE DIGESTIVE SYSTEM,Diseases (patient-stated diagnosis)
2700.0,Cystitis,DISEASE MODULE,DISEASES OF THE GENITOURINARY SYSTEM,Diseases (patient-stated diagnosis)
2705.0,Urinary tract disease except cystitis,DISEASE MODULE,DISEASES OF THE GENITOURINARY SYSTEM,Diseases (patient-stated diagnosis)
2710.0,Diseases of the male genital organs,DISEASE MODULE,DISEASES OF THE GENITOURINARY SYSTEM,Diseases (patient-stated diagnosis)
2715.0,Fibrocystic and other diseases of breast,DISEASE MODULE,DISEASES OF THE GENITOURINARY SYSTEM,Diseases (patient-stated diagnosis)
2720.0,Pelvic inflammatory disease (PID),DISEASE MODULE,DISEASES OF THE GENITOURINARY SYSTEM,Diseases (patient-stated diagnosis)
2725.0,"Cervicitis, vaginitis",DISEASE MODULE,DISEASES OF THE GENITOURINARY SYSTEM,Diseases (patient-stated diagnosis)
2730.0,Other diseases of female reproductive system,DISEASE MODULE,DISEASES OF THE GENITOURINARY SYSTEM,Diseases (patient-stated diagnosis)
2735.0,Diagnosed complications of pregnancy and puerperium,DISEASE MODULE,DISEASES OF THE GENITOURINARY SYSTEM,Diseases (patient-stated diagnosis)
2736.0,"Other diseases of the genitourinary system, NEC",DISEASE MODULE,DISEASES OF THE GENITOURINARY SYSTEM,Diseases (patient-stated diagnosis)
2800.0,"Carbuncle, furuncle, boil, cellulitis, abscess, NEC (includes genital)",DISEASE MODULE,DISEASES OF THE SKIN AND SUBCUTANEOUS TISSUE,Diseases (patient-stated diagnosis)
2805.0,Impetigo,DISEASE MODULE,DISEASES OF THE SKIN AND SUBCUTANEOUS TISSUE,Diseases (patient-stated diagnosis)
2810.0,Seborrheic dermatitis,DISEASE MODULE,DISEASES OF THE SKIN AND SUBCUTANEOUS TISSUE,Diseases (patient-stated diagnosis)
2815.0,"Eczema and dermatitis, NOS",DISEASE MODULE,DISEASES OF THE SKIN AND SUBCUTANEOUS TISSUE,Diseases (patient-stated diagnosis)
2820.0,Psoriasis,DISEASE MODULE,DISEASES OF THE SKIN AND SUBCUTANEOUS TISSUE,Diseases (patient-stated diagnosis)
2825.0,Other diseases of the skin,DISEASE MODULE,DISEASES OF THE SKIN AND SUBCUTANEOUS TISSUE,Diseases (patient-stated diagnosis)
2900.0,Arthritis,DISEASE MODULE,DISEASES OF THE MUSCULOSKELETAL SYSTEM AND CONNECTIVE TISSUE,Diseases (patient-stated diagnosis)
2905.0,Nonarticular rheumatism,DISEASE MODULE,DISEASES OF THE MUSCULOSKELETAL SYSTEM AND CONNECTIVE TISSUE,Diseases (patient-stated diagnosis)
2910.0,Other musculoskeletal or connective tissue disease,DISEASE MODULE,DISEASES OF THE MUSCULOSKELETAL SYSTEM AND CONNECTIVE TISSUE,Diseases (patient-stated diagnosis)
2950.0,Congenital anomalies of heart and circulatory system,DISEASE MODULE,CONGENITAL ANOMALIES,Diseases (patient-stated diagnosis)
2955.0,Undescended testicles,DISEASE MODULE,CONGENITAL ANOMALIES,Diseases (patient-stated diagnosis)
2960.0,Other and unspecified congenital anomalies,DISEASE MODULE,CONGENITAL ANOMALIES,Diseases (patient-stated diagnosis)
2980.0,Prematurity,DISEASE MODULE,PERINATAL MORBIDITY AND MORTALITY CONDITIONS,Diseases (patient-stated diagnosis)
2990.0,All other perinatal conditions,DISEASE MODULE,PERINATAL MORBIDITY AND MORTALITY CONDITIONS,Diseases (patient-stated diagnosis)
3100.0,General medical examination,"DIAGNOSTIC, SCREENING, AND PREVENTIVE MODULE",GENERAL EXAMINATIONS,Diagnostic/Screening/Preventive
3103.0,Encounter for screening for COVID-19,"DIAGNOSTIC, SCREENING, AND PREVENTIVE MODULE",GENERAL EXAMINATIONS,Diagnostic/Screening/Preventive
3105.0,Well baby examination (any child under 1 year of age),"DIAGNOSTIC, SCREENING, AND PREVENTIVE MODULE",GENERAL EXAMINATIONS,Diagnostic/Screening/Preventive
3130.0,General psychiatric or psychological examination (mental health),"DIAGNOSTIC, SCREENING, AND PREVENTIVE MODULE",GENERAL EXAMINATIONS,Diagnostic/Screening/Preventive
3200.0,"Pregnancy, unconfirmed (do not code with diagnosed complications of pregnancy or problems of","DIAGNOSTIC, SCREENING, AND PREVENTIVE MODULE",SPECIAL EXAMINATIONS,Diagnostic/Screening/Preventive
3205.0,"Prenatal examination, routine","DIAGNOSTIC, SCREENING, AND PREVENTIVE MODULE",SPECIAL EXAMINATIONS,Diagnostic/Screening/Preventive
3215.0,"Postpartum examination, routine","DIAGNOSTIC, SCREENING, AND PREVENTIVE MODULE",SPECIAL EXAMINATIONS,Diagnostic/Screening/Preventive
3220.0,Breast examination,"DIAGNOSTIC, SCREENING, AND PREVENTIVE MODULE",SPECIAL EXAMINATIONS,Diagnostic/Screening/Preventive
3225.0,Gynecological examination,"DIAGNOSTIC, SCREENING, AND PREVENTIVE MODULE",SPECIAL EXAMINATIONS,Diagnostic/Screening/Preventive
3230.0,Eye examination,"DIAGNOSTIC, SCREENING, AND PREVENTIVE MODULE",SPECIAL EXAMINATIONS,Diagnostic/Screening/Preventive
3235.0,Heart examination,"DIAGNOSTIC, SCREENING, AND PREVENTIVE MODULE",SPECIAL EXAMINATIONS,Diagnostic/Screening/Preventive
3240.0,Other special examination,"DIAGNOSTIC, SCREENING, AND PREVENTIVE MODULE",SPECIAL EXAMINATIONS,Diagnostic/Screening/Preventive
3240.1,Genetic testing (added in 2019),"DIAGNOSTIC, SCREENING, AND PREVENTIVE MODULE",SPECIAL EXAMINATIONS,Diagnostic/Screening/Preventive
3300.0,Sensitization test,"DIAGNOSTIC, SCREENING, AND PREVENTIVE MODULE",DIAGNOSTIC TESTS,Diagnostic/Screening/Preventive
3305.0,Skin immunity test,"DIAGNOSTIC, SCREENING, AND PREVENTIVE MODULE",DIAGNOSTIC TESTS,Diagnostic/Screening/Preventive
3310.0,Glucose level determination (Hgb A1C-GLYCOSOLATED HEMOBLOBIN),"DIAGNOSTIC, SCREENING, AND PREVENTIVE MODULE",DIAGNOSTIC TESTS,Diagnostic/Screening/Preventive
3311.0,SARS-CoV-2 (Coronavirus disease [COVID-19]) test (added in 2020),"DIAGNOSTIC, SCREENING, AND PREVENTIVE MODULE",DIAGNOSTIC TESTS,Diagnostic/Screening/Preventive
3311.1,SARS-CoV-2 (Coronavirus disease [COVID-19]) antibody test (added in 2020),"DIAGNOSTIC, SCREENING, AND PREVENTIVE MODULE",DIAGNOSTIC TESTS,Diagnostic/Screening/Preventive
3314.0,Human immunodeficiency virus (HIV) test,"DIAGNOSTIC, SCREENING, AND PREVENTIVE MODULE",DIAGNOSTIC TESTS,Diagnostic/Screening/Preventive
3315.0,Other blood test,"DIAGNOSTIC, SCREENING, AND PREVENTIVE MODULE",DIAGNOSTIC TESTS,Diagnostic/Screening/Preventive
3315.1,Blood test for sexually transmitted disease,"DIAGNOSTIC, SCREENING, AND PREVENTIVE MODULE",DIAGNOSTIC TESTS,Diagnostic/Screening/Preventive
3320.0,Blood pressure test,"DIAGNOSTIC, SCREENING, AND PREVENTIVE MODULE",DIAGNOSTIC TESTS,Diagnostic/Screening/Preventive
3325.0,Urine test,"DIAGNOSTIC, SCREENING, AND PREVENTIVE MODULE",DIAGNOSTIC TESTS,Diagnostic/Screening/Preventive
3330.0,Diagnostic endoscopies (to schedule one of these 46050),"DIAGNOSTIC, SCREENING, AND PREVENTIVE MODULE",DIAGNOSTIC TESTS,Diagnostic/Screening/Preventive
3335.0,"Biopsies, so stated","DIAGNOSTIC, SCREENING, AND PREVENTIVE MODULE",DIAGNOSTIC TESTS,Diagnostic/Screening/Preventive
3340.0,"Mammography, xerography, breast thermography","DIAGNOSTIC, SCREENING, AND PREVENTIVE MODULE",DIAGNOSTIC TESTS,Diagnostic/Screening/Preventive
3345.0,Diagnostic radiology,"DIAGNOSTIC, SCREENING, AND PREVENTIVE MODULE",DIAGNOSTIC TESTS,Diagnostic/Screening/Preventive
3350.0,"EKG, ECG, electrocardiogram, exercise stress test, treadmill, stress testing, Holter monitor","DIAGNOSTIC, SCREENING, AND PREVENTIVE MODULE",DIAGNOSTIC TESTS,Diagnostic/Screening/Preventive
3360.0,Hearing test,"DIAGNOSTIC, SCREENING, AND PREVENTIVE MODULE",DIAGNOSTIC TESTS,Diagnostic/Screening/Preventive
3365.0,Pap smear,"DIAGNOSTIC, SCREENING, AND PREVENTIVE MODULE",DIAGNOSTIC TESTS,Diagnostic/Screening/Preventive
3366.0,Nasal swab,"DIAGNOSTIC, SCREENING, AND PREVENTIVE MODULE",DIAGNOSTIC TESTS,Diagnostic/Screening/Preventive
3370.0,Other and unspecified diagnostic tests,"DIAGNOSTIC, SCREENING, AND PREVENTIVE MODULE",DIAGNOSTIC TESTS,Diagnostic/Screening/Preventive
3370.1,Glaucoma test,"DIAGNOSTIC, SCREENING, AND PREVENTIVE MODULE",DIAGNOSTIC TESTS,Diagnostic/Screening/Preventive
3370.2,Throat culture,"DIAGNOSTIC, SCREENING, AND PREVENTIVE MODULE",DIAGNOSTIC TESTS,Diagnostic/Screening/Preventive
3370.3,Heart catheterization,"DIAGNOSTIC, SCREENING, AND PREVENTIVE MODULE",DIAGNOSTIC TESTS,Diagnostic/Screening/Preventive
3370.4,Other cultures,"DIAGNOSTIC, SCREENING, AND PREVENTIVE MODULE",DIAGNOSTIC TESTS,Diagnostic/Screening/Preventive
3400.0,Prophylactic inoculations,"DIAGNOSTIC, SCREENING, AND PREVENTIVE MODULE",OTHER SCREENING AND PREVENTIVE PROCEDURES,Diagnostic/Screening/Preventive
3400.1,COVID-19 immunization,"DIAGNOSTIC, SCREENING, AND PREVENTIVE MODULE",OTHER SCREENING AND PREVENTIVE PROCEDURES,Diagnostic/Screening/Preventive
3405.0,Exposure to sexually transmitted disease (STD),"DIAGNOSTIC, SCREENING, AND PREVENTIVE MODULE",OTHER SCREENING AND PREVENTIVE PROCEDURES,Diagnostic/Screening/Preventive
3408.0,Possible HIV,"DIAGNOSTIC, SCREENING, AND PREVENTIVE MODULE",OTHER SCREENING AND PREVENTIVE PROCEDURES,Diagnostic/Screening/Preventive
3409.0,Exposure to human immunodeficiency virus (HIV),"DIAGNOSTIC, SCREENING, AND PREVENTIVE MODULE",OTHER SCREENING AND PREVENTIVE PROCEDURES,Diagnostic/Screening/Preventive
3410.0,Exposure to other infectious diseases,"DIAGNOSTIC, SCREENING, AND PREVENTIVE MODULE",OTHER SCREENING AND PREVENTIVE PROCEDURES,Diagnostic/Screening/Preventive
3415.0,"Exposure to bodily fluids of another person, NOS","DIAGNOSTIC, SCREENING, AND PREVENTIVE MODULE",OTHER SCREENING AND PREVENTIVE PROCEDURES,Diagnostic/Screening/Preventive
3500.0,"Family Planning, NOS","DIAGNOSTIC, SCREENING, AND PREVENTIVE MODULE",FAMILY PLANNING,Diagnostic/Screening/Preventive
3505.0,Contraceptive medication,"DIAGNOSTIC, SCREENING, AND PREVENTIVE MODULE",FAMILY PLANNING,Diagnostic/Screening/Preventive
3510.0,Contraceptive device,"DIAGNOSTIC, SCREENING, AND PREVENTIVE MODULE",FAMILY PLANNING,Diagnostic/Screening/Preventive
3515.0,Counseling and examinations for pregnancy interruption,"DIAGNOSTIC, SCREENING, AND PREVENTIVE MODULE",FAMILY PLANNING,Diagnostic/Screening/Preventive
3520.0,Abortion to be performed (at this visit),"DIAGNOSTIC, SCREENING, AND PREVENTIVE MODULE",FAMILY PLANNING,Diagnostic/Screening/Preventive
3525.0,Sterilization and sterilization reversal to be performed (at this visit),"DIAGNOSTIC, SCREENING, AND PREVENTIVE MODULE",FAMILY PLANNING,Diagnostic/Screening/Preventive
3530.0,Artificial Insemination (At this visit),"DIAGNOSTIC, SCREENING, AND PREVENTIVE MODULE",FAMILY PLANNING,Diagnostic/Screening/Preventive
3535.0,Preconception Counseling and Education,"DIAGNOSTIC, SCREENING, AND PREVENTIVE MODULE",FAMILY PLANNING,Diagnostic/Screening/Preventive
4100.0,Allergy medication,TREATMENT MODULE,MEDICATIONS,Treatment/Medication
4110.0,Injections,TREATMENT MODULE,MEDICATIONS,Treatment/Medication
4111.0,Noncompliance with medication therapy,TREATMENT MODULE,MEDICATIONS,Treatment/Medication
4115.0,"Medication, other and unspecified kinds",TREATMENT MODULE,MEDICATIONS,Treatment/Medication
4200.0,Preoperative visit for specified and unspecified types of surgery,TREATMENT MODULE,PREOPERATIVE AND POSTOPERATIVE CARE,Treatment/Medication
4205.0,"Postoperative visit - uncomplicated, no complications mentioned",TREATMENT MODULE,PREOPERATIVE AND POSTOPERATIVE CARE,Treatment/Medication
4400.0,Physical medicine and rehabilitation,TREATMENT MODULE,SPECIFIC TYPES OF THERAPY,Treatment/Medication
4401.0,Cardiopulmonary resuscitation (CPR),TREATMENT MODULE,SPECIFIC TYPES OF THERAPY,Treatment/Medication
4405.0,Respiratory therapy,TREATMENT MODULE,SPECIFIC TYPES OF THERAPY,Treatment/Medication
4410.0,Psychotherapy,TREATMENT MODULE,SPECIFIC TYPES OF THERAPY,Treatment/Medication
4410.1,Group counseling,TREATMENT MODULE,SPECIFIC TYPES OF THERAPY,Treatment/Medication
4415.0,Radiation therapy,TREATMENT MODULE,SPECIFIC TYPES OF THERAPY,Treatment/Medication
4420.0,Acupuncture,TREATMENT MODULE,SPECIFIC TYPES OF THERAPY,Treatment/Medication
4425.0,Chemotherapy,TREATMENT MODULE,SPECIFIC TYPES OF THERAPY,Treatment/Medication
4500.0,Tube insertion,TREATMENT MODULE,SPECIFIC THERAPEUTIC PROCEDURES,Treatment/Medication
4505.0,"Cauterization, all sites",TREATMENT MODULE,SPECIFIC THERAPEUTIC PROCEDURES,Treatment/Medication
4507.0,"IV therapy, infusion",TREATMENT MODULE,SPECIFIC THERAPEUTIC PROCEDURES,Treatment/Medication
4510.0,Urinary tract instrumentation and catheterization,TREATMENT MODULE,SPECIFIC THERAPEUTIC PROCEDURES,Treatment/Medication
4515.0,Fitting glasses and contact lenses,TREATMENT MODULE,SPECIFIC THERAPEUTIC PROCEDURES,Treatment/Medication
4518.0,"Detoxification-medical clearance for detox, not otherwise specified exam for detox",TREATMENT MODULE,SPECIFIC THERAPEUTIC PROCEDURES,Treatment/Medication
4518.1,Alcohol,TREATMENT MODULE,SPECIFIC THERAPEUTIC PROCEDURES,Treatment/Medication
4518.2,Drug,TREATMENT MODULE,SPECIFIC THERAPEUTIC PROCEDURES,Treatment/Medication
4520.0,Minor surgery (see definition of minor vs major surgery),TREATMENT MODULE,SPECIFIC THERAPEUTIC PROCEDURES,Treatment/Medication
4520.1,Wart removed (code to wart also),TREATMENT MODULE,SPECIFIC THERAPEUTIC PROCEDURES,Treatment/Medication
4521.0,Major surgery,TREATMENT MODULE,SPECIFIC THERAPEUTIC PROCEDURES,Treatment/Medication
4525.0,Kidney dialysis,TREATMENT MODULE,SPECIFIC THERAPEUTIC PROCEDURES,Treatment/Medication
4529.0,"Internal prosthetic devices (fit, adjust, remove)",TREATMENT MODULE,SPECIFIC THERAPEUTIC PROCEDURES,Treatment/Medication
4530.0,"External prosthetic devices, artificial body parts (fit, adjust, remove)",TREATMENT MODULE,SPECIFIC THERAPEUTIC PROCEDURES,Treatment/Medication
4535.0,Corrective appliances,TREATMENT MODULE,SPECIFIC THERAPEUTIC PROCEDURES,Treatment/Medication
4540.0,"Cast, splint - application, removal",TREATMENT MODULE,SPECIFIC THERAPEUTIC PROCEDURES,Treatment/Medication
4545.0,"Dressing, bandage - application, change, packing",TREATMENT MODULE,SPECIFIC THERAPEUTIC PROCEDURES,Treatment/Medication
4550.0,"Irrigation, lavage",TREATMENT MODULE,SPECIFIC THERAPEUTIC PROCEDURES,Treatment/Medication
4555.0,"Suture - insertion, removal",TREATMENT MODULE,SPECIFIC THERAPEUTIC PROCEDURES,Treatment/Medication
4556.0,"Cosmetic injection, NOS",TREATMENT MODULE,SPECIFIC THERAPEUTIC PROCEDURES,Treatment/Medication
4556.1,Botox injection,TREATMENT MODULE,SPECIFIC THERAPEUTIC PROCEDURES,Treatment/Medication
4556.2,Collagen injection,TREATMENT MODULE,SPECIFIC THERAPEUTIC PROCEDURES,Treatment/Medication
4560.0,"Other specific therapeutic procedures, NEC",TREATMENT MODULE,SPECIFIC THERAPEUTIC PROCEDURES,Treatment/Medication
4565.0,"Transplants, NOS",TREATMENT MODULE,SPECIFIC THERAPEUTIC PROCEDURES,Treatment/Medication
4565.1,Complication,TREATMENT MODULE,SPECIFIC THERAPEUTIC PROCEDURES,Treatment/Medication
4565.2,Rejection,TREATMENT MODULE,SPECIFIC THERAPEUTIC PROCEDURES,Treatment/Medication
4600.0,Diet and nutritional counseling,TREATMENT MODULE,MEDICAL COUNSELING,Treatment/Medication
4604.0,Human immunodeficiency virus (HIV) counseling,TREATMENT MODULE,MEDICAL COUNSELING,Treatment/Medication
4605.0,"Medical Counseling, NOS",TREATMENT MODULE,MEDICAL COUNSELING,Treatment/Medication
4605.1,Family history of cardiovascular disease,TREATMENT MODULE,MEDICAL COUNSELING,Treatment/Medication
4605.2,Family history of cancer,TREATMENT MODULE,MEDICAL COUNSELING,Treatment/Medication
4605.3,Family history of diabetes,TREATMENT MODULE,MEDICAL COUNSELING,Treatment/Medication
4605.4,Family history of other disease or condition,TREATMENT MODULE,MEDICAL COUNSELING,Treatment/Medication
4700.0,Economic problem,TREATMENT MODULE,SOCIAL PROBLEM COUNSELING,Treatment/Medication
4702.0,Problem with access to medical care,TREATMENT MODULE,SOCIAL PROBLEM COUNSELING,Treatment/Medication
4705.0,Marital problems,TREATMENT MODULE,SOCIAL PROBLEM COUNSELING,Treatment/Medication
4710.0,Parent-child problems,TREATMENT MODULE,SOCIAL PROBLEM COUNSELING,Treatment/Medication
4715.0,Other problems of family relationship,TREATMENT MODULE,SOCIAL PROBLEM COUNSELING,Treatment/Medication
4720.0,Educational problems,TREATMENT MODULE,SOCIAL PROBLEM COUNSELING,Treatment/Medication
4725.0,Occupational problems,TREATMENT MODULE,SOCIAL PROBLEM COUNSELING,Treatment/Medication
4730.0,Social adjustment problems,TREATMENT MODULE,SOCIAL PROBLEM COUNSELING,Treatment/Medication
4735.0,Legal problems,TREATMENT MODULE,SOCIAL PROBLEM COUNSELING,Treatment/Medication
4735.1,Police involvement in outpatient visit circumstances,TREATMENT MODULE,SOCIAL PROBLEM COUNSELING,Treatment/Medication
4740.0,Other social problems,TREATMENT MODULE,SOCIAL PROBLEM COUNSELING,Treatment/Medication
4800.0,"Progress visit, NOS (Use only when the only information given is progress or follow-up)",TREATMENT MODULE,"PROGRESS VISIT, NEC",Treatment/Medication
5005.0,"Head and face,",INJURIES AND ADVERSE EFFECTS MODULE,INJURY BY TYPE AND/OR LOCATION,Injuries & adverse effects
5010.0,Spinal column,INJURIES AND ADVERSE EFFECTS MODULE,INJURY BY TYPE AND/OR LOCATION,Injuries & adverse effects
5015.0,"Trunk area, except spinal column",INJURIES AND ADVERSE EFFECTS MODULE,INJURY BY TYPE AND/OR LOCATION,Injuries & adverse effects
5020.0,Leg,INJURIES AND ADVERSE EFFECTS MODULE,INJURY BY TYPE AND/OR LOCATION,Injuries & adverse effects
5025.0,Ankle,INJURIES AND ADVERSE EFFECTS MODULE,INJURY BY TYPE AND/OR LOCATION,Injuries & adverse effects
5030.0,Foot and toes,INJURIES AND ADVERSE EFFECTS MODULE,INJURY BY TYPE AND/OR LOCATION,Injuries & adverse effects
5035.0,Arm,INJURIES AND ADVERSE EFFECTS MODULE,INJURY BY TYPE AND/OR LOCATION,Injuries & adverse effects
5040.0,Wrist,INJURIES AND ADVERSE EFFECTS MODULE,INJURY BY TYPE AND/OR LOCATION,Injuries & adverse effects
5045.0,Hand and fingers,INJURIES AND ADVERSE EFFECTS MODULE,INJURY BY TYPE AND/OR LOCATION,Injuries & adverse effects
5050.0,"Fracture, other and unspecified",INJURIES AND ADVERSE EFFECTS MODULE,INJURY BY TYPE AND/OR LOCATION,Injuries & adverse effects
5105.0,"Cervical spine, neck",INJURIES AND ADVERSE EFFECTS MODULE,INJURY BY TYPE AND/OR LOCATION,Injuries & adverse effects
5110.0,Back,INJURIES AND ADVERSE EFFECTS MODULE,INJURY BY TYPE AND/OR LOCATION,Injuries & adverse effects
5115.0,Knee,INJURIES AND ADVERSE EFFECTS MODULE,INJURY BY TYPE AND/OR LOCATION,Injuries & adverse effects
5120.0,Ankle,INJURIES AND ADVERSE EFFECTS MODULE,INJURY BY TYPE AND/OR LOCATION,Injuries & adverse effects
5125.0,Wrist,INJURIES AND ADVERSE EFFECTS MODULE,INJURY BY TYPE AND/OR LOCATION,Injuries & adverse effects
5130.0,"Sprain or strain, other and unspecified",INJURIES AND ADVERSE EFFECTS MODULE,INJURY BY TYPE AND/OR LOCATION,Injuries & adverse effects
5205.0,Head and neck area,INJURIES AND ADVERSE EFFECTS MODULE,INJURY BY TYPE AND/OR LOCATION,Injuries & adverse effects
5210.0,Facial area,INJURIES AND ADVERSE EFFECTS MODULE,INJURY BY TYPE AND/OR LOCATION,Injuries & adverse effects
5215.0,Trunk area,INJURIES AND ADVERSE EFFECTS MODULE,INJURY BY TYPE AND/OR LOCATION,Injuries & adverse effects
5220.0,Lower extremity,INJURIES AND ADVERSE EFFECTS MODULE,INJURY BY TYPE AND/OR LOCATION,Injuries & adverse effects
5225.0,Upper extremity,INJURIES AND ADVERSE EFFECTS MODULE,INJURY BY TYPE AND/OR LOCATION,Injuries & adverse effects
5230.0,"Laceration and cuts, site unspecified",INJURIES AND ADVERSE EFFECTS MODULE,INJURY BY TYPE AND/OR LOCATION,Injuries & adverse effects
5305.0,"Head, neck and facial area",INJURIES AND ADVERSE EFFECTS MODULE,INJURY BY TYPE AND/OR LOCATION,Injuries & adverse effects
5310.0,Trunk area,INJURIES AND ADVERSE EFFECTS MODULE,INJURY BY TYPE AND/OR LOCATION,Injuries & adverse effects
5315.0,Lower extremity,INJURIES AND ADVERSE EFFECTS MODULE,INJURY BY TYPE AND/OR LOCATION,Injuries & adverse effects
5320.0,Upper extremity,INJURIES AND ADVERSE EFFECTS MODULE,INJURY BY TYPE AND/OR LOCATION,Injuries & adverse effects
5325.0,"Puncture wound, site unspecified",INJURIES AND ADVERSE EFFECTS MODULE,INJURY BY TYPE AND/OR LOCATION,Injuries & adverse effects
5405.0,"Head, neck, and face",INJURIES AND ADVERSE EFFECTS MODULE,INJURY BY TYPE AND/OR LOCATION,Injuries & adverse effects
5410.0,Eye,INJURIES AND ADVERSE EFFECTS MODULE,INJURY BY TYPE AND/OR LOCATION,Injuries & adverse effects
5415.0,Trunk area,INJURIES AND ADVERSE EFFECTS MODULE,INJURY BY TYPE AND/OR LOCATION,Injuries & adverse effects
5420.0,Lower extremity,INJURIES AND ADVERSE EFFECTS MODULE,INJURY BY TYPE AND/OR LOCATION,Injuries & adverse effects
5425.0,Upper extremity,INJURIES AND ADVERSE EFFECTS MODULE,INJURY BY TYPE AND/OR LOCATION,Injuries & adverse effects
5430.0,"Contusion, abrasion, bruise, site unspecified",INJURIES AND ADVERSE EFFECTS MODULE,INJURY BY TYPE AND/OR LOCATION,Injuries & adverse effects
5505.0,"Head, neck, and face",INJURIES AND ADVERSE EFFECTS MODULE,INJURY BY TYPE AND/OR LOCATION,Injuries & adverse effects
5510.0,Eye,INJURIES AND ADVERSE EFFECTS MODULE,INJURY BY TYPE AND/OR LOCATION,Injuries & adverse effects
5515.0,Back,INJURIES AND ADVERSE EFFECTS MODULE,INJURY BY TYPE AND/OR LOCATION,Injuries & adverse effects
5520.0,Chest and abdomen,INJURIES AND ADVERSE EFFECTS MODULE,INJURY BY TYPE AND/OR LOCATION,Injuries & adverse effects
5525.0,Hip,INJURIES AND ADVERSE EFFECTS MODULE,INJURY BY TYPE AND/OR LOCATION,Injuries & adverse effects
5530.0,Leg,INJURIES AND ADVERSE EFFECTS MODULE,INJURY BY TYPE AND/OR LOCATION,Injuries & adverse effects
5535.0,Knee,INJURIES AND ADVERSE EFFECTS MODULE,INJURY BY TYPE AND/OR LOCATION,Injuries & adverse effects
5540.0,Ankle,INJURIES AND ADVERSE EFFECTS MODULE,INJURY BY TYPE AND/OR LOCATION,Injuries & adverse effects
5545.0,Foot and toe(s),INJURIES AND ADVERSE EFFECTS MODULE,INJURY BY TYPE AND/OR LOCATION,Injuries & adverse effects
5550.0,Shoulder,INJURIES AND ADVERSE EFFECTS MODULE,INJURY BY TYPE AND/OR LOCATION,Injuries & adverse effects
5555.0,Arm,INJURIES AND ADVERSE EFFECTS MODULE,INJURY BY TYPE AND/OR LOCATION,Injuries & adverse effects
5560.0,Elbow,INJURIES AND ADVERSE EFFECTS MODULE,INJURY BY TYPE AND/OR LOCATION,Injuries & adverse effects
5565.0,Wrist,INJURIES AND ADVERSE EFFECTS MODULE,INJURY BY TYPE AND/OR LOCATION,Injuries & adverse effects
5570.0,Hand and finger(s),INJURIES AND ADVERSE EFFECTS MODULE,INJURY BY TYPE AND/OR LOCATION,Injuries & adverse effects
5575.0,"Injury, multiple or unspecified (wound check)",INJURIES AND ADVERSE EFFECTS MODULE,INJURY BY TYPE AND/OR LOCATION,Injuries & adverse effects
5600.0,Eye,INJURIES AND ADVERSE EFFECTS MODULE,INJURY BY TYPE AND/OR LOCATION,Injuries & adverse effects
5605.0,Nose,INJURIES AND ADVERSE EFFECTS MODULE,INJURY BY TYPE AND/OR LOCATION,Injuries & adverse effects
5610.0,Skin,INJURIES AND ADVERSE EFFECTS MODULE,INJURY BY TYPE AND/OR LOCATION,Injuries & adverse effects
5615.0,Digestive tract,INJURIES AND ADVERSE EFFECTS MODULE,INJURY BY TYPE AND/OR LOCATION,Injuries & adverse effects
5616.0,Respiratory tract,INJURIES AND ADVERSE EFFECTS MODULE,INJURY BY TYPE AND/OR LOCATION,Injuries & adverse effects
5620.0,Other and unspecified sites,INJURIES AND ADVERSE EFFECTS MODULE,INJURY BY TYPE AND/OR LOCATION,Injuries & adverse effects
5705.0,"Head, neck, and face (includes eyes)",INJURIES AND ADVERSE EFFECTS MODULE,INJURY BY TYPE AND/OR LOCATION,Injuries & adverse effects
5710.0,Trunk area,INJURIES AND ADVERSE EFFECTS MODULE,INJURY BY TYPE AND/OR LOCATION,Injuries & adverse effects
5715.0,Extremities,INJURIES AND ADVERSE EFFECTS MODULE,INJURY BY TYPE AND/OR LOCATION,Injuries & adverse effects
5720.0,"Burn, site unspecified",INJURIES AND ADVERSE EFFECTS MODULE,INJURY BY TYPE AND/OR LOCATION,Injuries & adverse effects
5750.0,"Sunburn, windburn",INJURIES AND ADVERSE EFFECTS MODULE,INJURY BY TYPE AND/OR LOCATION,Injuries & adverse effects
5755.0,Insect,INJURIES AND ADVERSE EFFECTS MODULE,INJURY BY TYPE AND/OR LOCATION,Injuries & adverse effects
5760.0,"Animal ,snake, human",INJURIES AND ADVERSE EFFECTS MODULE,INJURY BY TYPE AND/OR LOCATION,Injuries & adverse effects
5800.0,Late effects of an old injury,INJURIES AND ADVERSE EFFECTS MODULE,CAUSES OF INJURY AND OTHER HEALTH STATUS,Injuries & adverse effects
5805.0,Motor vehicle accident,INJURIES AND ADVERSE EFFECTS MODULE,CAUSES OF INJURY AND OTHER HEALTH STATUS,Injuries & adverse effects
5810.0,"Accident, NOS (this code is used for the verbatim “accident' or if an injury is documented but not",INJURIES AND ADVERSE EFFECTS MODULE,CAUSES OF INJURY AND OTHER HEALTH STATUS,Injuries & adverse effects
5815.0,"Violence, NOS",INJURIES AND ADVERSE EFFECTS MODULE,CAUSES OF INJURY AND OTHER HEALTH STATUS,Injuries & adverse effects
5815.1,Child abuse or neglect,INJURIES AND ADVERSE EFFECTS MODULE,CAUSES OF INJURY AND OTHER HEALTH STATUS,Injuries & adverse effects
5815.2,Battered spouse,INJURIES AND ADVERSE EFFECTS MODULE,CAUSES OF INJURY AND OTHER HEALTH STATUS,Injuries & adverse effects
5815.3,Elder abuse,INJURIES AND ADVERSE EFFECTS MODULE,CAUSES OF INJURY AND OTHER HEALTH STATUS,Injuries & adverse effects
5815.4,Gunshot wound,INJURIES AND ADVERSE EFFECTS MODULE,CAUSES OF INJURY AND OTHER HEALTH STATUS,Injuries & adverse effects
5818.0,Intentional self-mutilation,INJURIES AND ADVERSE EFFECTS MODULE,CAUSES OF INJURY AND OTHER HEALTH STATUS,Injuries & adverse effects
5820.0,Suicide attempt,INJURIES AND ADVERSE EFFECTS MODULE,CAUSES OF INJURY AND OTHER HEALTH STATUS,Injuries & adverse effects
5820.1,"Overdose, intentional",INJURIES AND ADVERSE EFFECTS MODULE,CAUSES OF INJURY AND OTHER HEALTH STATUS,Injuries & adverse effects
5830.0,Rape,INJURIES AND ADVERSE EFFECTS MODULE,CAUSES OF INJURY AND OTHER HEALTH STATUS,Injuries & adverse effects
5830.1,Sexual abuse,INJURIES AND ADVERSE EFFECTS MODULE,CAUSES OF INJURY AND OTHER HEALTH STATUS,Injuries & adverse effects
5835.0,Dead on arrival (DOA),INJURIES AND ADVERSE EFFECTS MODULE,CAUSES OF INJURY AND OTHER HEALTH STATUS,Injuries & adverse effects
5836.0,Respiratory arrest,INJURIES AND ADVERSE EFFECTS MODULE,CAUSES OF INJURY AND OTHER HEALTH STATUS,Injuries & adverse effects
5837.0,Cardiac arrest,INJURIES AND ADVERSE EFFECTS MODULE,CAUSES OF INJURY AND OTHER HEALTH STATUS,Injuries & adverse effects
5838.0,Drowning,INJURIES AND ADVERSE EFFECTS MODULE,CAUSES OF INJURY AND OTHER HEALTH STATUS,Injuries & adverse effects
5839.0,Cardiopulmonary arrest,INJURIES AND ADVERSE EFFECTS MODULE,CAUSES OF INJURY AND OTHER HEALTH STATUS,Injuries & adverse effects
5840.0,Unconscious on arrival,INJURIES AND ADVERSE EFFECTS MODULE,CAUSES OF INJURY AND OTHER HEALTH STATUS,Injuries & adverse effects
5841.0,State of consciousness not specified (this is the only thing that is stated),INJURIES AND ADVERSE EFFECTS MODULE,CAUSES OF INJURY AND OTHER HEALTH STATUS,Injuries & adverse effects
5842.0,"Altered level of consciousness, NOS",INJURIES AND ADVERSE EFFECTS MODULE,CAUSES OF INJURY AND OTHER HEALTH STATUS,Injuries & adverse effects
5900.0,Unintentional poisoning,INJURIES AND ADVERSE EFFECTS MODULE,POISONING AND ADVERSE EFFECTS,Injuries & adverse effects
5900.1,Food poisoning,INJURIES AND ADVERSE EFFECTS MODULE,POISONING AND ADVERSE EFFECTS,Injuries & adverse effects
5900.2,"Ingestion, inhalation, or exposure to potentially poisonous products",INJURIES AND ADVERSE EFFECTS MODULE,POISONING AND ADVERSE EFFECTS,Injuries & adverse effects
5905.0,Adverse effect of medication,INJURIES AND ADVERSE EFFECTS MODULE,POISONING AND ADVERSE EFFECTS,Injuries & adverse effects
5910.0,Adverse effect of drug abuse,INJURIES AND ADVERSE EFFECTS MODULE,POISONING AND ADVERSE EFFECTS,Injuries & adverse effects
5915.0,Adverse effect of alcohol,INJURIES AND ADVERSE EFFECTS MODULE,POISONING AND ADVERSE EFFECTS,Injuries & adverse effects
5916.0,Alcohol poisoning,INJURIES AND ADVERSE EFFECTS MODULE,POISONING AND ADVERSE EFFECTS,Injuries & adverse effects
5920.0,Adverse effects of environment,INJURIES AND ADVERSE EFFECTS MODULE,POISONING AND ADVERSE EFFECTS,Injuries & adverse effects
5921.0,Adverse effects of second-hand smoke,INJURIES AND ADVERSE EFFECTS MODULE,POISONING AND ADVERSE EFFECTS,Injuries & adverse effects
5922.0,Adverse effects of terrorism and bioterrorism,INJURIES AND ADVERSE EFFECTS MODULE,POISONING AND ADVERSE EFFECTS,Injuries & adverse effects
5925.0,"Adverse effects, other and unspecified",INJURIES AND ADVERSE EFFECTS MODULE,POISONING AND ADVERSE EFFECTS,Injuries & adverse effects
5930.0,Complications of surgical or medical procedures and treatments,INJURIES AND ADVERSE EFFECTS MODULE,COMPLICATIONS OF SURGICAL OR MEDICAL PROCEDURES AND TREATMENTS,Injuries & adverse effects
5935.0,"Systemic inflammatory response syndrome (SIRS), unspecified",INJURIES AND ADVERSE EFFECTS MODULE,SIRS AND SEVERE SEPSIS,Injuries & adverse effects
5935.2,Severe sepsis,INJURIES AND ADVERSE EFFECTS MODULE,SIRS AND SEVERE SEPSIS,Injuries & adverse effects
5935.4,Systemic inflammatory response syndrome due to noninfectious process with,INJURIES AND ADVERSE EFFECTS MODULE,SIRS AND SEVERE SEPSIS,Injuries & adverse effects
6100.0,For results of blood glucose tests,TEST RESULTS MODULE,TEST RESULTS,Abnormal test result
6105.0,For results of cholesterol and triglyceride tests,TEST RESULTS MODULE,TEST RESULTS,Abnormal test result
6106.0,For results of test for human immunodeficiency virus (HIV),TEST RESULTS MODULE,TEST RESULTS,Abnormal test result
6110.0,For other findings of blood tests,TEST RESULTS MODULE,TEST RESULTS,Abnormal test result
6200.0,For results of urine tests,TEST RESULTS MODULE,TEST RESULTS,Abnormal test result
6300.0,For cytology findings,TEST RESULTS MODULE,TEST RESULTS,Abnormal test result
6400.0,For radiological findings,TEST RESULTS MODULE,TEST RESULTS,Abnormal test result
6500.0,"For results of EKG, Holter monitor review (anything under 33500 and 33550)",TEST RESULTS MODULE,TEST RESULTS,Abnormal test result
6600.0,"For results of skin tests (ppd results, results for allergy testing)",TEST RESULTS MODULE,TEST RESULTS,Abnormal test result
6700.0,For other and unspecified test results,TEST RESULTS MODULE,TEST RESULTS,Abnormal test result
7100.0,Physical examination required for school or employment,ADMINISTRATIVE MODULE,ADMINISTRATIVE,Administrative
7100.1,Physical examination required for employment,ADMINISTRATIVE MODULE,ADMINISTRATIVE,Administrative
7100.2,Executive physical examination,ADMINISTRATIVE MODULE,ADMINISTRATIVE,Administrative
7100.3,Physical examination required for school,ADMINISTRATIVE MODULE,ADMINISTRATIVE,Administrative
7100.4,Physical examination for extracurricular activities,ADMINISTRATIVE MODULE,ADMINISTRATIVE,Administrative
7120.0,"Driver's license examination, DOT",ADMINISTRATIVE MODULE,ADMINISTRATIVE,Administrative
7125.0,Insurance examination,ADMINISTRATIVE MODULE,ADMINISTRATIVE,Administrative
7130.0,Disability examination,ADMINISTRATIVE MODULE,ADMINISTRATIVE,Administrative
7131.0,Worker's comp exam,ADMINISTRATIVE MODULE,ADMINISTRATIVE,Administrative
7135.0,Premarital examination,ADMINISTRATIVE MODULE,ADMINISTRATIVE,Administrative
7135.1,Premarital blood test,ADMINISTRATIVE MODULE,ADMINISTRATIVE,Administrative
7137.0,Direct admission to hospital,ADMINISTRATIVE MODULE,ADMINISTRATIVE,Administrative
7140.0,Other reason for visit required by party other than the patient or the health care provider,ADMINISTRATIVE MODULE,ADMINISTRATIVE,Administrative
8990.0,"Problems, complaints, NEC (multiple medical problems)",UNCODABLE ENTRIES,UNCODABLE ENTRIES,Uncodable/Unknown
8991.0,Patient unable to speak English,UNCODABLE ENTRIES,UNCODABLE ENTRIES,Uncodable/Unknown
8993.0,Patient (or patient's spokesperson) refused care,UNCODABLE ENTRIES,UNCODABLE ENTRIES,Uncodable/Unknown
8997.0,"Entry of ""none"" or ""no complaint""",UNCODABLE ENTRIES,UNCODABLE ENTRIES,Uncodable/Unknown
8998.0,Insufficient information,UNCODABLE ENTRIES,UNCODABLE ENTRIES,Uncodable/Unknown
8999.0,Illegible entry,UNCODABLE ENTRIES,UNCODABLE ENTRIES,Uncodable/Unknown
